FileName,Label Vector,Label String
ISS002-728E-30.JPG,"[0, 0, 0, 1, 0, 0, 1, 0, 0, 0]",DESERT and LAKE
ISS001-702-BU_3.JPG,"[0, 0, 0, 0, 0, 0, 0, 0, 0, 1]",SNOW
ISS007-E-15608.JPG,"[0, 0, 0, 1, 0, 0, 0, 0, 0, 0]",DESERT
ISS005-E-17908.JPG,"[0, 0, 0, 0, 0, 0, 0, 0, 1, 0]",RIVER
ISS002-E-9683.JPG,"[0, 0, 0, 0, 0, 1, 0, 0, 0, 0]",ISLAND
ISS017-E-7212.JPG,"[0, 0, 0, 0, 0, 0, 0, 1, 0, 1]",MOUNTAIN and SNOW
ISS006-E-17070.JPG,"[0, 0, 1, 0, 0, 1, 0, 0, 0, 0]",COAST and ISLAND
ISS010-E-7203.JPG,"[0, 0, 0, 0, 0, 0, 0, 1, 0, 0]",MOUNTAIN
ISS002-376-14.JPG,"[0, 0, 1, 0, 0, 1, 0, 0, 0, 0]",COAST and ISLAND
ISS002-357-15.JPG,"[0, 0, 0, 0, 0, 1, 0, 0, 0, 0]",ISLAND
ISS011-E-13812.JPG,"[0, 0, 0, 0, 0, 0, 0, 1, 0, 0]",MOUNTAIN
ISS002-399-27.JPG,"[0, 0, 0, 1, 0, 0, 1, 0, 0, 0]",DESERT and LAKE
ISS006-E-41904.JPG,"[0, 0, 0, 1, 0, 0, 0, 0, 1, 0]",DESERT and RIVER
ISS014-E-12882.JPG,"[0, 0, 0, 0, 0, 1, 0, 0, 0, 0]",ISLAND
ISS006-E-34941.JPG,"[0, 0, 0, 1, 0, 0, 1, 0, 0, 0]",DESERT and LAKE
ISS013-E-25749.JPG,"[0, 0, 0, 1, 0, 0, 0, 0, 0, 0]",DESERT
ISS005-E-13951.JPG,"[0, 0, 0, 0, 0, 1, 0, 0, 0, 0]",ISLAND
ISS003-E-7682.JPG,"[0, 0, 1, 0, 0, 1, 0, 0, 0, 0]",COAST and ISLAND
ISS005-E-13929.JPG,"[0, 0, 0, 0, 0, 1, 0, 0, 0, 0]",ISLAND
ISS004-E-10245.JPG,"[0, 0, 0, 0, 0, 0, 0, 1, 0, 1]",MOUNTAIN and SNOW
ISS016-E-9623.JPG,"[0, 0, 0, 0, 0, 1, 0, 0, 0, 0]",ISLAND
ISS002-E-6385.JPG,"[0, 0, 0, 0, 0, 1, 0, 0, 0, 0]",ISLAND
ISS005-E-19122.JPG,"[1, 0, 0, 1, 0, 0, 0, 0, 0, 0]",AGRICULTURE and DESERT
ISS018-E-42948.JPG,"[0, 0, 0, 1, 0, 0, 0, 0, 0, 0]",DESERT
ISS018-E-42949.JPG,"[0, 0, 0, 1, 0, 0, 0, 0, 0, 0]",DESERT
ISS004-E-10924.JPG,"[0, 0, 0, 0, 0, 0, 0, 1, 0, 1]",MOUNTAIN and SNOW
ISS002-E-8367.JPG,"[0, 1, 0, 0, 0, 0, 0, 0, 1, 0]",CITY and RIVER
ISS009-E-19152.JPG,"[0, 0, 0, 1, 0, 0, 0, 0, 0, 0]",DESERT
ISS004-E-11780.JPG,"[0, 0, 0, 0, 0, 1, 0, 0, 0, 0]",ISLAND
ISS004-E-7489.JPG,"[0, 0, 0, 0, 0, 0, 0, 1, 0, 1]",MOUNTAIN and SNOW
ISS004-E-10321.JPG,"[0, 0, 1, 0, 0, 1, 0, 0, 0, 0]",COAST and ISLAND
ISS009-E-8550.JPG,"[0, 0, 0, 1, 0, 0, 0, 0, 0, 0]",DESERT
ISS001-702-AR_3.JPG,"[0, 0, 0, 0, 0, 0, 0, 0, 0, 1]",SNOW
ISS007-E-14869.JPG,"[0, 0, 1, 0, 0, 1, 0, 0, 0, 0]",COAST and ISLAND
ISS002-721-72_3.JPG,"[0, 0, 0, 1, 0, 0, 0, 0, 1, 0]",DESERT and RIVER
ISS002-395-21.JPG,"[0, 0, 0, 0, 0, 0, 0, 0, 1, 0]",RIVER
ISS002-702-29_3.JPG,"[0, 0, 0, 0, 0, 0, 0, 1, 0, 1]",MOUNTAIN and SNOW
ISS002-718-83_3.JPG,"[0, 0, 0, 0, 0, 1, 0, 0, 0, 0]",ISLAND
ISS004-E-9329.JPG,"[0, 0, 0, 0, 0, 1, 0, 0, 0, 0]",ISLAND
ISS007-E-8719.JPG,"[0, 1, 0, 0, 0, 0, 0, 0, 1, 0]",CITY and RIVER
ISS005-E-21854.JPG,"[0, 0, 0, 1, 0, 0, 0, 0, 0, 0]",DESERT
ISS006-E-24111.JPG,"[0, 0, 0, 1, 0, 0, 0, 0, 0, 0]",DESERT
ISS006-E-42180.JPG,"[0, 0, 0, 0, 0, 0, 0, 1, 0, 1]",MOUNTAIN and SNOW
ISS001-701-2_3.JPG,"[0, 0, 0, 0, 0, 0, 1, 0, 0, 1]",LAKE and SNOW
ISS006-E-50553.JPG,"[0, 1, 0, 0, 0, 0, 0, 0, 1, 0]",CITY and RIVER
ISS005-E-21842.JPG,"[0, 0, 0, 1, 0, 0, 1, 0, 0, 0]",DESERT and LAKE
ISS002-E-7845.JPG,"[0, 0, 0, 0, 0, 1, 0, 0, 0, 0]",ISLAND
ISS006-E-15066.JPG,"[1, 0, 0, 1, 0, 0, 0, 0, 0, 0]",AGRICULTURE and DESERT
ISS007-E-5183.JPG,"[0, 0, 0, 0, 0, 1, 0, 0, 0, 0]",ISLAND
ISS007-E-8647.JPG,"[0, 1, 0, 0, 0, 0, 0, 0, 1, 0]",CITY and RIVER
ISS017-E-18951.JPG,"[1, 0, 0, 0, 0, 0, 0, 0, 0, 0]",AGRICULTURE
ISS006-E-52280.JPG,"[0, 1, 0, 0, 0, 0, 0, 0, 1, 0]",CITY and RIVER
ISS003-E-7177.JPG,"[0, 0, 0, 0, 0, 1, 0, 0, 0, 0]",ISLAND
ISS020-E-30069.JPG,"[0, 0, 0, 0, 0, 1, 0, 0, 0, 0]",ISLAND
ISS006-E-50355.JPG,"[0, 0, 0, 1, 0, 0, 1, 0, 0, 0]",DESERT and LAKE
ISS007-E-13404.JPG,"[0, 1, 0, 0, 0, 0, 0, 0, 1, 0]",CITY and RIVER
ISS013-E-6998.JPG,"[0, 0, 0, 0, 0, 1, 0, 0, 0, 0]",ISLAND
ISS006-E-23511.JPG,"[0, 0, 0, 1, 0, 0, 1, 0, 0, 0]",DESERT and LAKE
ISS015-E-29842.JPG,"[0, 0, 0, 1, 0, 0, 0, 0, 0, 0]",DESERT
ISS020-E-7698.JPG,"[0, 0, 1, 0, 0, 1, 0, 0, 0, 0]",COAST and ISLAND
ISS016-E-11828.JPG,"[0, 0, 0, 1, 0, 0, 0, 0, 0, 0]",DESERT
ISS004-E-12535.JPG,"[0, 0, 0, 1, 0, 0, 1, 0, 0, 0]",DESERT and LAKE
ISS005-E-21580.JPG,"[0, 0, 0, 0, 0, 1, 0, 0, 0, 0]",ISLAND
ISS006-E-8552.JPG,"[0, 0, 0, 1, 0, 0, 0, 0, 0, 0]",DESERT
ISS006-E-5242.JPG,"[0, 0, 0, 0, 0, 0, 0, 1, 0, 0]",MOUNTAIN
ISS001-701-236W_3.JPG,"[0, 0, 0, 0, 0, 0, 0, 0, 0, 1]",SNOW
ISS002-731-32.JPG,"[0, 0, 0, 0, 0, 1, 0, 0, 0, 0]",ISLAND
ISS007-E-12166.JPG,"[0, 0, 0, 1, 0, 0, 0, 0, 1, 0]",DESERT and RIVER
ISS005-E-21849.JPG,"[0, 0, 0, 1, 0, 0, 0, 0, 0, 0]",DESERT
ISS001-E-5640.JPG,"[0, 0, 0, 0, 0, 0, 0, 1, 0, 1]",MOUNTAIN and SNOW
ISS011-E-10757.JPG,"[1, 0, 0, 0, 0, 0, 0, 0, 0, 0]",AGRICULTURE
ISS007-E-15751.JPG,"[0, 0, 0, 0, 0, 0, 0, 1, 0, 1]",MOUNTAIN and SNOW
ISS004-E-12931.JPG,"[0, 0, 0, 0, 0, 0, 0, 1, 0, 1]",MOUNTAIN and SNOW
ISS001-359-26.JPG,"[0, 0, 1, 0, 0, 1, 0, 0, 0, 0]",COAST and ISLAND
ISS002-384-2.JPG,"[0, 0, 0, 0, 0, 1, 0, 0, 0, 0]",ISLAND
ISS002-315-29.JPG,"[0, 0, 1, 1, 0, 0, 0, 0, 0, 0]",COAST and DESERT
ISS002-704-48_3.JPG,"[0, 0, 0, 1, 0, 0, 0, 0, 0, 0]",DESERT
ISS006-E-7557.JPG,"[0, 0, 0, 0, 0, 0, 1, 0, 0, 1]",LAKE and SNOW
ISS020-E-8380.JPG,"[0, 0, 0, 1, 0, 0, 0, 0, 0, 0]",DESERT
ISS002-728B-109_3.JPG,"[0, 0, 1, 1, 0, 0, 0, 0, 0, 0]",COAST and DESERT
ISS002-E-6123.JPG,"[0, 1, 0, 0, 0, 0, 0, 0, 1, 0]",CITY and RIVER
ISS007-E-9893.JPG,"[0, 0, 0, 0, 0, 1, 0, 0, 0, 0]",ISLAND
ISS016-E-20421.JPG,"[0, 1, 0, 0, 0, 0, 0, 0, 0, 0]",CITY
ISS015-E-14019.JPG,"[1, 0, 0, 0, 0, 0, 0, 0, 0, 0]",AGRICULTURE
ISS016-E-8408.JPG,"[0, 0, 0, 1, 0, 0, 0, 0, 0, 0]",DESERT
ISS007-E-15569.JPG,"[0, 0, 0, 0, 0, 0, 0, 1, 0, 1]",MOUNTAIN and SNOW
ISS016-E-8795.JPG,"[0, 0, 0, 1, 0, 0, 0, 0, 0, 0]",DESERT
ISS017-E-18944.JPG,"[1, 0, 0, 0, 0, 0, 0, 0, 0, 0]",AGRICULTURE
ISS018-E-5735.JPG,"[0, 0, 0, 1, 0, 0, 0, 0, 0, 0]",DESERT
ISS006-E-12907.JPG,"[1, 0, 0, 1, 0, 0, 0, 0, 0, 0]",AGRICULTURE and DESERT
ISS002-E-5789.JPG,"[0, 0, 0, 0, 0, 0, 0, 1, 0, 1]",MOUNTAIN and SNOW
ISS007-E-13084.JPG,"[0, 0, 0, 0, 0, 0, 0, 0, 1, 0]",RIVER
ISS006-E-21720.JPG,"[0, 0, 0, 0, 0, 1, 0, 0, 0, 0]",ISLAND
ISS016-E-9080.JPG,"[0, 0, 0, 1, 0, 0, 0, 0, 0, 0]",DESERT
ISS006-E-35894.JPG,"[0, 0, 0, 0, 0, 1, 0, 0, 0, 0]",ISLAND
ISS006-E-50331.JPG,"[0, 0, 0, 1, 0, 0, 0, 0, 0, 0]",DESERT
ISS016-E-28685.JPG,"[0, 0, 0, 1, 0, 0, 0, 0, 0, 0]",DESERT
ISS006-E-7479.JPG,"[0, 0, 0, 0, 0, 1, 0, 0, 0, 0]",ISLAND
ISS005-E-9833.JPG,"[0, 0, 0, 0, 0, 0, 0, 0, 1, 0]",RIVER
ISS002-749-92.JPG,"[0, 0, 0, 0, 0, 1, 0, 0, 0, 0]",ISLAND
ISS006-E-36973.JPG,"[0, 0, 0, 0, 0, 0, 0, 0, 1, 0]",RIVER
ISS013-E-64034.JPG,"[0, 0, 0, 1, 0, 0, 0, 0, 0, 0]",DESERT
ISS004-E-7501.JPG,"[0, 0, 0, 0, 0, 0, 0, 1, 0, 1]",MOUNTAIN and SNOW
ISS003-E-5233.JPG,"[0, 0, 0, 1, 0, 0, 1, 0, 0, 0]",DESERT and LAKE
ISS016-E-5040.JPG,"[0, 0, 0, 0, 0, 0, 0, 1, 0, 1]",MOUNTAIN and SNOW
ISS007-E-15865.JPG,"[0, 0, 0, 1, 0, 0, 1, 0, 0, 0]",DESERT and LAKE
ISS007-E-7067.JPG,"[0, 0, 1, 1, 0, 0, 0, 0, 0, 0]",COAST and DESERT
ISS012-E-7641.JPG,"[0, 0, 0, 1, 0, 0, 0, 0, 0, 0]",DESERT
ISS002-304-27.JPG,"[0, 0, 0, 0, 0, 1, 0, 0, 0, 0]",ISLAND
ISS019-E-18074.JPG,"[1, 0, 0, 1, 0, 0, 0, 0, 0, 0]",AGRICULTURE and DESERT
ISS003-E-7303.JPG,"[0, 0, 0, 0, 0, 0, 0, 0, 1, 0]",RIVER
ISS009-E-8262.JPG,"[0, 0, 0, 1, 0, 0, 1, 0, 0, 0]",DESERT and LAKE
ISS006-E-8029.JPG,"[0, 0, 0, 0, 0, 1, 0, 0, 0, 0]",ISLAND
ISS007-E-12511.JPG,"[0, 0, 0, 1, 0, 0, 1, 0, 0, 0]",DESERT and LAKE
ISS004-E-12930.JPG,"[0, 0, 0, 0, 0, 0, 0, 1, 0, 1]",MOUNTAIN and SNOW
ISS007-E-8220.JPG,"[0, 0, 0, 0, 0, 0, 0, 0, 1, 0]",RIVER
ISS012-E-5137.JPG,"[0, 0, 0, 1, 0, 0, 0, 0, 0, 0]",DESERT
ISS008-E-13339.JPG,"[0, 0, 0, 1, 0, 0, 0, 0, 0, 0]",DESERT
ISS006-E-32024.JPG,"[0, 0, 0, 1, 0, 0, 0, 0, 1, 0]",DESERT and RIVER
ISS005-E-11086.JPG,"[0, 1, 0, 0, 0, 0, 0, 0, 1, 0]",CITY and RIVER
ISS006-E-5610.JPG,"[0, 0, 0, 1, 0, 0, 1, 0, 0, 0]",DESERT and LAKE
ISS006-E-34389.JPG,"[0, 0, 0, 0, 0, 0, 1, 0, 0, 1]",LAKE and SNOW
ISS006-E-35575.JPG,"[0, 0, 0, 0, 0, 0, 0, 1, 0, 1]",MOUNTAIN and SNOW
ISS007-E-9000.JPG,"[0, 0, 0, 0, 0, 0, 0, 0, 1, 0]",RIVER
ISS006-E-49913.JPG,"[0, 0, 0, 0, 0, 0, 0, 1, 0, 1]",MOUNTAIN and SNOW
ISS008-E-9606.JPG,"[0, 0, 0, 0, 0, 0, 0, 1, 0, 1]",MOUNTAIN and SNOW
ISS017-E-20519.JPG,"[0, 0, 0, 1, 0, 0, 0, 0, 0, 0]",DESERT
ISS007-E-14015.JPG,"[0, 1, 0, 0, 0, 0, 0, 0, 0, 0]",CITY
ISS013-E-26835.JPG,"[1, 0, 0, 1, 0, 0, 0, 0, 0, 0]",AGRICULTURE and DESERT
ISS017-E-7207.JPG,"[0, 0, 0, 0, 0, 0, 0, 1, 0, 1]",MOUNTAIN and SNOW
ISS013-E-35053.JPG,"[0, 0, 0, 0, 1, 0, 0, 0, 0, 0]",FOREST
ISS016-E-8796.JPG,"[0, 0, 0, 1, 0, 0, 0, 0, 0, 0]",DESERT
ISS006-E-35583.JPG,"[0, 0, 0, 0, 0, 0, 0, 1, 0, 1]",MOUNTAIN and SNOW
ISS018-E-6105.JPG,"[0, 0, 0, 1, 0, 0, 0, 0, 0, 0]",DESERT
ISS007-E-15587.JPG,"[0, 0, 0, 0, 0, 0, 0, 1, 0, 0]",MOUNTAIN
ISS015-E-13412.JPG,"[0, 0, 0, 1, 0, 0, 1, 0, 0, 0]",DESERT and LAKE
ISS006-E-50478.JPG,"[0, 0, 0, 0, 0, 0, 0, 0, 1, 0]",RIVER
ISS001-332-1.JPG,"[0, 0, 1, 1, 0, 0, 0, 0, 0, 0]",COAST and DESERT
ISS006-E-35637.JPG,"[0, 0, 0, 0, 0, 1, 0, 0, 0, 0]",ISLAND
ISS012-E-8882.JPG,"[0, 0, 0, 0, 0, 0, 0, 1, 0, 1]",MOUNTAIN and SNOW
ISS009-E-6025.JPG,"[0, 0, 0, 0, 0, 1, 0, 0, 0, 0]",ISLAND
ISS001-702-T_3.JPG,"[0, 0, 0, 0, 0, 0, 0, 0, 0, 1]",SNOW
ISS005-E-6816.JPG,"[0, 0, 0, 1, 0, 0, 1, 0, 0, 0]",DESERT and LAKE
ISS002-436-4.JPG,"[0, 0, 0, 1, 0, 0, 1, 0, 0, 0]",DESERT and LAKE
ISS008-E-14056.JPG,"[0, 0, 0, 0, 0, 1, 0, 0, 0, 0]",ISLAND
ISS001-E-5755.JPG,"[1, 0, 0, 1, 0, 0, 0, 0, 0, 0]",AGRICULTURE and DESERT
ISS008-E-13340.JPG,"[0, 0, 0, 1, 0, 0, 0, 0, 0, 0]",DESERT
ISS015-E-14353.JPG,"[1, 0, 0, 1, 0, 0, 0, 0, 0, 0]",AGRICULTURE and DESERT
ISS008-E-14752.JPG,"[0, 0, 0, 0, 0, 1, 0, 0, 0, 0]",ISLAND
ISS006-E-15695.JPG,"[0, 0, 0, 1, 0, 0, 0, 0, 0, 0]",DESERT
ISS004-E-13312.JPG,"[0, 0, 0, 0, 0, 0, 0, 1, 0, 1]",MOUNTAIN and SNOW
ISS011-E-8644.JPG,"[0, 0, 0, 0, 0, 1, 0, 0, 0, 0]",ISLAND
ISS018-E-45311.JPG,"[0, 0, 1, 1, 0, 0, 0, 0, 0, 0]",COAST and DESERT
ISS005-E-15830.JPG,"[0, 0, 1, 1, 0, 0, 0, 0, 0, 0]",COAST and DESERT
ISS006-E-38793.JPG,"[0, 0, 0, 0, 0, 1, 0, 0, 0, 0]",ISLAND
ISS002-382-10.JPG,"[0, 0, 0, 1, 0, 0, 1, 0, 0, 0]",DESERT and LAKE
ISS004-E-5674.JPG,"[0, 0, 0, 0, 0, 0, 0, 1, 0, 1]",MOUNTAIN and SNOW
ISS002-712-22_3.JPG,"[0, 0, 1, 1, 0, 0, 0, 0, 0, 0]",COAST and DESERT
ISS014-E-8747.JPG,"[0, 0, 0, 0, 0, 0, 1, 0, 0, 1]",LAKE and SNOW
ISS018-E-5612.JPG,"[0, 0, 0, 1, 0, 0, 0, 0, 0, 0]",DESERT
ISS018-E-19419.JPG,"[0, 0, 0, 0, 0, 1, 0, 0, 0, 0]",ISLAND
ISS007-E-8800.JPG,"[0, 0, 0, 0, 0, 0, 1, 0, 0, 1]",LAKE and SNOW
ISS002-E-9930.JPG,"[0, 0, 0, 0, 0, 1, 0, 0, 0, 0]",ISLAND
ISS012-E-10486.JPG,"[0, 0, 0, 1, 0, 0, 1, 0, 0, 0]",DESERT and LAKE
ISS014-E-8748.JPG,"[0, 0, 0, 0, 0, 0, 1, 0, 0, 1]",LAKE and SNOW
ISS009-E-24031.JPG,"[0, 0, 0, 0, 0, 0, 0, 1, 0, 1]",MOUNTAIN and SNOW
ISS006-E-50620.JPG,"[0, 0, 0, 1, 0, 0, 0, 0, 1, 0]",DESERT and RIVER
ISS005-E-21792.JPG,"[1, 0, 0, 0, 0, 0, 0, 0, 0, 0]",AGRICULTURE
ISS006-E-42356.JPG,"[0, 0, 0, 0, 0, 0, 0, 1, 0, 1]",MOUNTAIN and SNOW
ISS001-362-12.JPG,"[0, 0, 0, 0, 0, 1, 0, 0, 0, 0]",ISLAND
ISS004-E-6253.JPG,"[0, 0, 0, 0, 0, 1, 0, 0, 0, 0]",ISLAND
ISS001-E-6321.JPG,"[0, 0, 0, 1, 0, 0, 1, 0, 0, 0]",DESERT and LAKE
ISS006-E-49864.JPG,"[0, 0, 0, 0, 0, 0, 0, 1, 0, 1]",MOUNTAIN and SNOW
ISS001-E-6022.JPG,"[0, 0, 1, 0, 0, 1, 0, 0, 0, 0]",COAST and ISLAND
ISS007-E-15664.JPG,"[0, 0, 0, 0, 0, 0, 0, 1, 0, 1]",MOUNTAIN and SNOW
ISS006-E-41219.JPG,"[0, 0, 0, 0, 0, 0, 1, 0, 0, 1]",LAKE and SNOW
ISS005-E-20052.JPG,"[1, 0, 0, 0, 0, 0, 0, 0, 0, 0]",AGRICULTURE
ISS001-702-163_3.JPG,"[0, 0, 1, 0, 0, 1, 0, 0, 0, 0]",COAST and ISLAND
ISS001-374-29.JPG,"[0, 0, 0, 0, 0, 0, 1, 0, 0, 1]",LAKE and SNOW
ISS011-E-7880.JPG,"[0, 0, 0, 1, 0, 0, 1, 0, 0, 0]",DESERT and LAKE
ISS006-E-25803.JPG,"[0, 0, 0, 0, 0, 0, 1, 0, 0, 1]",LAKE and SNOW
ISS012-E-19691.JPG,"[0, 0, 0, 1, 0, 0, 0, 0, 0, 0]",DESERT
ISS005-E-21616.JPG,"[1, 0, 0, 0, 0, 0, 0, 0, 0, 0]",AGRICULTURE
ISS004-E-11098.JPG,"[0, 0, 0, 1, 0, 0, 0, 0, 1, 0]",DESERT and RIVER
ISS013-E-39029.JPG,"[0, 0, 0, 1, 0, 0, 0, 0, 0, 0]",DESERT
ISS002-378-37.JPG,"[0, 0, 1, 0, 0, 1, 0, 0, 0, 0]",COAST and ISLAND
ISS008-E-13241.JPG,"[0, 0, 0, 0, 0, 0, 0, 1, 0, 1]",MOUNTAIN and SNOW
ISS006-E-37988.JPG,"[0, 0, 0, 0, 0, 1, 0, 0, 0, 0]",ISLAND
ISS017-E-6003.JPG,"[0, 0, 0, 1, 0, 0, 0, 0, 0, 0]",DESERT
ISS003-316-10.JPG,"[0, 0, 0, 0, 0, 1, 0, 0, 0, 0]",ISLAND
ISS002-E-5372.JPG,"[0, 0, 0, 0, 0, 1, 0, 0, 0, 0]",ISLAND
ISS016-E-9062.JPG,"[0, 0, 0, 0, 0, 0, 0, 1, 0, 1]",MOUNTAIN and SNOW
ISS006-E-32268.JPG,"[0, 0, 0, 0, 0, 1, 0, 0, 0, 0]",ISLAND
ISS002-437-9.JPG,"[0, 0, 0, 1, 0, 0, 0, 0, 1, 0]",DESERT and RIVER
ISS001-702-AS_3.JPG,"[0, 0, 0, 0, 0, 0, 0, 1, 0, 1]",MOUNTAIN and SNOW
ISS003-E-5364.JPG,"[1, 0, 0, 1, 0, 0, 0, 0, 0, 0]",AGRICULTURE and DESERT
ISS005-E-11588.JPG,"[0, 0, 1, 0, 0, 1, 0, 0, 0, 0]",COAST and ISLAND
ISS020-E-33553.JPG,"[0, 0, 0, 1, 0, 0, 1, 0, 0, 0]",DESERT and LAKE
ISS006-E-5092.JPG,"[0, 0, 0, 0, 0, 0, 1, 0, 0, 0]",LAKE
ISS006-E-53525.JPG,"[0, 0, 0, 0, 0, 0, 0, 0, 1, 0]",RIVER
ISS018-E-5613.JPG,"[0, 0, 0, 1, 0, 0, 0, 0, 0, 0]",DESERT
ISS010-E-16178.JPG,"[0, 0, 0, 0, 0, 0, 0, 0, 1, 0]",RIVER
ISS006-E-9833.JPG,"[0, 0, 0, 0, 0, 0, 0, 1, 0, 1]",MOUNTAIN and SNOW
ISS002-E-9520.JPG,"[0, 0, 0, 0, 0, 1, 0, 0, 0, 0]",ISLAND
ISS018-E-6989.JPG,"[1, 0, 0, 0, 0, 0, 0, 0, 0, 0]",AGRICULTURE
ISS003-E-5737.JPG,"[0, 1, 0, 0, 0, 0, 0, 0, 1, 0]",CITY and RIVER
ISS006-E-11445.JPG,"[0, 0, 0, 0, 0, 1, 0, 0, 0, 0]",ISLAND
ISS016-E-28688.JPG,"[0, 0, 0, 1, 0, 0, 1, 0, 0, 0]",DESERT and LAKE
ISS002-E-9779.JPG,"[0, 0, 0, 0, 0, 1, 0, 0, 0, 0]",ISLAND
ISS006-E-7816.JPG,"[0, 0, 0, 1, 0, 0, 1, 0, 0, 0]",DESERT and LAKE
ISS006-E-35635.JPG,"[0, 0, 0, 0, 0, 1, 0, 0, 0, 0]",ISLAND
ISS002-728E-15_3.JPG,"[0, 0, 0, 1, 0, 0, 1, 0, 0, 0]",DESERT and LAKE
ISS006-E-34868.JPG,"[0, 0, 1, 1, 0, 0, 0, 0, 0, 0]",COAST and DESERT
ISS001-702-BS_3.JPG,"[0, 0, 0, 0, 0, 0, 0, 0, 0, 1]",SNOW
ISS001-E-6436.JPG,"[0, 0, 0, 0, 0, 0, 0, 1, 0, 1]",MOUNTAIN and SNOW
ISS017-E-18935.JPG,"[1, 0, 0, 0, 0, 0, 0, 0, 0, 0]",AGRICULTURE
ISS009-E-6599.JPG,"[0, 0, 0, 0, 0, 0, 1, 0, 0, 1]",LAKE and SNOW
ISS006-E-33376.JPG,"[0, 0, 0, 0, 0, 1, 0, 0, 0, 0]",ISLAND
ISS007-E-8649.JPG,"[0, 1, 0, 0, 0, 0, 0, 0, 1, 0]",CITY and RIVER
ISS001-701-90_3.JPG,"[0, 0, 0, 1, 0, 0, 1, 0, 0, 0]",DESERT and LAKE
ISS005-E-11900.JPG,"[0, 0, 0, 0, 0, 1, 0, 0, 0, 0]",ISLAND
ISS006-E-32880.JPG,"[0, 0, 0, 0, 0, 0, 0, 1, 0, 1]",MOUNTAIN and SNOW
ISS006-E-42064.JPG,"[0, 0, 0, 0, 0, 0, 0, 1, 0, 1]",MOUNTAIN and SNOW
ISS009-E-13339.JPG,"[0, 0, 0, 1, 0, 0, 0, 0, 0, 0]",DESERT
ISS017-E-15885.JPG,"[0, 0, 0, 0, 0, 1, 0, 0, 0, 0]",ISLAND
ISS018-E-5494.JPG,"[0, 1, 0, 0, 0, 0, 0, 0, 0, 0]",CITY
ISS020-E-9254.JPG,"[0, 0, 0, 1, 0, 0, 0, 0, 0, 0]",DESERT
ISS012-E-23030.JPG,"[0, 0, 0, 1, 0, 0, 1, 0, 0, 0]",DESERT and LAKE
ISS019-E-6050.JPG,"[0, 0, 0, 0, 0, 0, 0, 1, 0, 1]",MOUNTAIN and SNOW
ISS006-E-38568.JPG,"[0, 0, 0, 0, 0, 1, 0, 0, 0, 0]",ISLAND
ISS017-E-7885.JPG,"[0, 0, 0, 1, 0, 0, 0, 0, 0, 0]",DESERT
ISS009-E-24035.JPG,"[0, 0, 0, 0, 0, 0, 0, 1, 0, 1]",MOUNTAIN and SNOW
ISS006-E-6023.JPG,"[0, 0, 0, 1, 0, 0, 0, 0, 0, 0]",DESERT
ISS006-E-19027.JPG,"[0, 0, 0, 0, 0, 1, 0, 0, 0, 0]",ISLAND
ISS004-E-8981.JPG,"[0, 0, 0, 0, 0, 1, 0, 0, 0, 0]",ISLAND
ISS020-E-48435.JPG,"[1, 0, 0, 1, 0, 0, 0, 0, 0, 0]",AGRICULTURE and DESERT
ISS008-E-14407.JPG,"[0, 0, 0, 0, 0, 1, 0, 0, 0, 0]",ISLAND
ISS016-E-11813.JPG,"[0, 0, 0, 1, 0, 0, 0, 0, 0, 0]",DESERT
ISS005-E-6509.JPG,"[0, 0, 0, 0, 0, 0, 0, 0, 1, 0]",RIVER
ISS002-E-7868.JPG,"[0, 1, 0, 0, 0, 0, 0, 0, 1, 0]",CITY and RIVER
ISS006-E-14094.JPG,"[0, 0, 0, 0, 0, 0, 0, 1, 0, 1]",MOUNTAIN and SNOW
ISS016-E-14302.JPG,"[0, 0, 0, 1, 0, 0, 1, 0, 0, 0]",DESERT and LAKE
ISS017-E-21188.JPG,"[0, 0, 0, 1, 0, 0, 0, 0, 0, 0]",DESERT
ISS004-E-5029.JPG,"[0, 0, 0, 0, 0, 0, 0, 1, 0, 1]",MOUNTAIN and SNOW
ISS007-E-9408.JPG,"[0, 1, 0, 0, 0, 0, 0, 0, 1, 0]",CITY and RIVER
ISS002-715-71_3.JPG,"[0, 0, 0, 0, 0, 0, 0, 1, 0, 0]",MOUNTAIN
ISS004-E-5921.JPG,"[0, 0, 0, 0, 0, 1, 0, 0, 0, 0]",ISLAND
ISS004-E-12148.JPG,"[0, 0, 0, 0, 0, 0, 0, 1, 0, 1]",MOUNTAIN and SNOW
ISS018-E-11313.JPG,"[0, 1, 0, 0, 0, 0, 0, 0, 0, 0]",CITY
ISS002-324-21.JPG,"[0, 0, 0, 0, 0, 1, 0, 0, 0, 0]",ISLAND
ISS012-E-5742.JPG,"[0, 0, 0, 0, 0, 1, 0, 0, 0, 0]",ISLAND
ISS003-E-7616.JPG,"[0, 0, 1, 0, 0, 1, 0, 0, 0, 0]",COAST and ISLAND
ISS006-E-23454.JPG,"[1, 0, 0, 1, 0, 0, 0, 0, 0, 0]",AGRICULTURE and DESERT
ISS020-E-48438.JPG,"[1, 0, 0, 1, 0, 0, 0, 0, 0, 0]",AGRICULTURE and DESERT
ISS017-E-14125.JPG,"[0, 0, 0, 1, 0, 0, 1, 0, 0, 0]",DESERT and LAKE
ISS006-E-34734.JPG,"[0, 0, 0, 0, 0, 0, 0, 1, 0, 1]",MOUNTAIN and SNOW
ISS002-382-16.JPG,"[0, 0, 0, 1, 0, 0, 1, 0, 0, 0]",DESERT and LAKE
ISS009-E-19172.JPG,"[0, 0, 0, 1, 0, 0, 0, 0, 0, 0]",DESERT
ISS005-E-15265.JPG,"[0, 0, 0, 0, 0, 1, 0, 0, 0, 0]",ISLAND
ISS016-E-20176.JPG,"[0, 0, 1, 0, 0, 1, 0, 0, 0, 0]",COAST and ISLAND
ISS018-E-5611.JPG,"[0, 0, 0, 1, 0, 0, 0, 0, 0, 0]",DESERT
ISS005-E-13201.JPG,"[0, 0, 0, 0, 0, 0, 0, 0, 1, 0]",RIVER
ISS004-E-6844.JPG,"[0, 0, 0, 0, 0, 0, 1, 0, 0, 0]",LAKE
ISS006-E-33057.JPG,"[0, 0, 0, 0, 0, 0, 1, 0, 0, 1]",LAKE and SNOW
ISS006-E-44103.JPG,"[0, 0, 0, 1, 0, 0, 0, 0, 1, 0]",DESERT and RIVER
ISS006-E-14423.JPG,"[0, 0, 1, 1, 0, 0, 0, 0, 0, 0]",COAST and DESERT
ISS005-E-11356.JPG,"[0, 0, 0, 1, 0, 0, 0, 0, 0, 0]",DESERT
ISS006-E-33637.JPG,"[0, 0, 1, 0, 0, 1, 0, 0, 0, 0]",COAST and ISLAND
ISS006-E-19936.JPG,"[0, 0, 1, 0, 0, 1, 0, 0, 0, 0]",COAST and ISLAND
ISS016-E-31224.JPG,"[1, 0, 0, 0, 0, 0, 0, 0, 0, 0]",AGRICULTURE
ISS004-E-11380.JPG,"[0, 0, 0, 0, 0, 0, 0, 0, 1, 0]",RIVER
ISS005-E-21863.JPG,"[0, 0, 0, 0, 0, 0, 0, 0, 1, 0]",RIVER
ISS005-E-21886.JPG,"[0, 0, 0, 0, 0, 0, 0, 1, 1, 0]",MOUNTAIN and RIVER
ISS002-728E-24_3.JPG,"[0, 0, 0, 0, 0, 0, 0, 0, 1, 0]",RIVER
ISS001-E-6636.JPG,"[0, 0, 0, 0, 0, 0, 0, 1, 0, 1]",MOUNTAIN and SNOW
ISS007-E-10953.JPG,"[0, 0, 0, 0, 0, 0, 0, 0, 1, 0]",RIVER
ISS008-E-17236.JPG,"[0, 0, 0, 1, 0, 0, 0, 0, 1, 0]",DESERT and RIVER
ISS005-E-21910.JPG,"[0, 0, 0, 0, 0, 1, 0, 0, 0, 0]",ISLAND
ISS009-E-19169.JPG,"[0, 0, 0, 1, 0, 0, 0, 0, 0, 0]",DESERT
ISS004-E-10298.JPG,"[0, 0, 0, 0, 0, 0, 1, 0, 0, 1]",LAKE and SNOW
ISS004-E-7150.JPG,"[0, 0, 0, 0, 0, 1, 0, 0, 0, 0]",ISLAND
ISS001-701-242_3.JPG,"[0, 0, 0, 0, 0, 1, 0, 0, 0, 0]",ISLAND
ISS004-E-8170.JPG,"[0, 0, 0, 0, 0, 1, 0, 0, 0, 0]",ISLAND
ISS001-362-27.JPG,"[0, 0, 1, 1, 0, 0, 0, 0, 0, 0]",COAST and DESERT
ISS002-731-31_3.JPG,"[0, 0, 0, 0, 0, 1, 0, 0, 0, 0]",ISLAND
ISS001-701-209_3.JPG,"[0, 0, 0, 0, 0, 0, 0, 0, 0, 1]",SNOW
ISS017-E-14465.JPG,"[0, 0, 0, 0, 0, 1, 0, 0, 0, 0]",ISLAND
ISS006-E-39706.JPG,"[0, 0, 0, 0, 0, 0, 0, 1, 0, 1]",MOUNTAIN and SNOW
ISS012-E-7644.JPG,"[0, 0, 0, 1, 0, 0, 0, 0, 0, 0]",DESERT
ISS014-E-12948.JPG,"[0, 0, 0, 1, 0, 0, 1, 0, 0, 0]",DESERT and LAKE
ISS001-333-17.JPG,"[0, 0, 0, 0, 0, 0, 0, 1, 0, 1]",MOUNTAIN and SNOW
ISS006-E-15392.JPG,"[1, 0, 0, 0, 0, 0, 0, 0, 0, 0]",AGRICULTURE
ISS001-702-172_3.JPG,"[0, 0, 0, 0, 0, 1, 0, 0, 0, 0]",ISLAND
ISS006-E-6477.JPG,"[0, 0, 0, 1, 0, 0, 0, 0, 0, 0]",DESERT
ISS007-E-14870.JPG,"[0, 0, 1, 0, 0, 1, 0, 0, 0, 0]",COAST and ISLAND
ISS004-E-5743.JPG,"[0, 0, 0, 0, 0, 1, 0, 0, 0, 0]",ISLAND
ISS008-E-13159.JPG,"[0, 0, 0, 0, 0, 1, 0, 0, 0, 0]",ISLAND
ISS004-E-5929.JPG,"[0, 0, 0, 0, 0, 1, 0, 0, 0, 0]",ISLAND
ISS004-E-8266.JPG,"[0, 0, 0, 0, 0, 1, 0, 0, 0, 0]",ISLAND
ISS007-E-12514.JPG,"[0, 1, 0, 0, 0, 0, 0, 0, 1, 0]",CITY and RIVER
ISS017-E-14131.JPG,"[0, 0, 0, 1, 0, 0, 1, 0, 0, 0]",DESERT and LAKE
ISS014-E-12812.JPG,"[0, 0, 0, 1, 0, 0, 1, 0, 0, 0]",DESERT and LAKE
ISS006-E-37438.JPG,"[0, 0, 0, 0, 0, 1, 0, 0, 0, 0]",ISLAND
ISS004-E-10145.JPG,"[0, 0, 0, 0, 0, 1, 0, 0, 0, 0]",ISLAND
ISS006-E-5372.JPG,"[0, 0, 0, 0, 0, 0, 0, 1, 0, 1]",MOUNTAIN and SNOW
ISS002-338-34.JPG,"[0, 0, 1, 1, 0, 0, 0, 0, 0, 0]",COAST and DESERT
ISS007-E-9453.JPG,"[0, 0, 1, 1, 0, 0, 0, 0, 0, 0]",COAST and DESERT
ISS006-E-34542.JPG,"[0, 1, 0, 0, 0, 0, 0, 0, 0, 0]",CITY
ISS006-E-54083.JPG,"[0, 0, 0, 0, 0, 1, 0, 0, 0, 0]",ISLAND
ISS012-E-8850.JPG,"[0, 1, 0, 0, 0, 0, 0, 0, 1, 0]",CITY and RIVER
ISS012-E-11699.JPG,"[0, 0, 0, 1, 0, 0, 1, 0, 0, 0]",DESERT and LAKE
ISS002-714-6_3.JPG,"[0, 0, 1, 1, 0, 0, 0, 0, 0, 0]",COAST and DESERT
ISS004-E-13131.JPG,"[0, 0, 1, 1, 0, 0, 0, 0, 0, 0]",COAST and DESERT
ISS006-E-35077.JPG,"[0, 0, 0, 0, 0, 0, 0, 1, 0, 1]",MOUNTAIN and SNOW
ISS009-E-5921.JPG,"[0, 0, 1, 1, 0, 0, 0, 0, 0, 0]",COAST and DESERT
ISS006-E-5407.JPG,"[0, 0, 0, 0, 0, 0, 0, 1, 0, 1]",MOUNTAIN and SNOW
ISS012-E-7638.JPG,"[0, 0, 0, 1, 0, 0, 0, 0, 0, 0]",DESERT
ISS013-E-25355.JPG,"[1, 0, 0, 0, 0, 0, 0, 0, 0, 0]",AGRICULTURE
ISS009-E-13327.JPG,"[0, 0, 0, 1, 0, 0, 0, 0, 0, 0]",DESERT
ISS011-E-10758.JPG,"[1, 0, 0, 0, 0, 0, 0, 0, 0, 0]",AGRICULTURE
ISS002-E-8802.JPG,"[0, 1, 0, 0, 0, 0, 0, 0, 1, 0]",CITY and RIVER
ISS005-E-19121.JPG,"[1, 0, 0, 1, 0, 0, 0, 0, 0, 0]",AGRICULTURE and DESERT
ISS018-E-10783.JPG,"[0, 0, 0, 1, 0, 0, 0, 0, 0, 0]",DESERT
ISS010-E-9279.JPG,"[0, 0, 0, 0, 0, 1, 0, 0, 0, 0]",ISLAND
ISS001-701-119_3.JPG,"[0, 0, 0, 0, 0, 0, 0, 0, 0, 1]",SNOW
ISS006-E-35584.JPG,"[0, 0, 0, 0, 0, 0, 0, 1, 0, 1]",MOUNTAIN and SNOW
ISS009-E-7503.JPG,"[0, 0, 0, 0, 0, 1, 0, 0, 0, 0]",ISLAND
ISS006-E-17718.JPG,"[1, 0, 0, 1, 0, 0, 0, 0, 0, 0]",AGRICULTURE and DESERT
ISS007-E-15158.JPG,"[0, 0, 0, 0, 0, 0, 0, 1, 0, 0]",MOUNTAIN
ISS002-749-87_3.JPG,"[0, 0, 1, 0, 0, 1, 0, 0, 0, 0]",COAST and ISLAND
ISS004-E-8254.JPG,"[0, 0, 0, 0, 0, 1, 0, 0, 0, 0]",ISLAND
ISS007-E-12717_2.JPG,"[0, 1, 0, 0, 0, 0, 0, 0, 1, 0]",CITY and RIVER
ISS004-E-13129.JPG,"[0, 0, 1, 1, 0, 0, 0, 0, 0, 0]",COAST and DESERT
ISS006-E-18633.JPG,"[1, 0, 0, 1, 0, 0, 0, 0, 0, 0]",AGRICULTURE and DESERT
ISS016-E-5038.JPG,"[0, 0, 0, 0, 0, 0, 0, 1, 0, 1]",MOUNTAIN and SNOW
ISS006-E-49200.JPG,"[0, 0, 0, 0, 0, 0, 0, 0, 1, 0]",RIVER
ISS004-E-11185.JPG,"[0, 0, 0, 0, 0, 1, 0, 0, 0, 0]",ISLAND
ISS001-E-6637.JPG,"[0, 0, 0, 0, 0, 0, 0, 1, 0, 1]",MOUNTAIN and SNOW
ISS006-E-8553.JPG,"[0, 0, 0, 1, 0, 0, 0, 0, 0, 0]",DESERT
ISS002-708-83_3.JPG,"[0, 0, 0, 0, 0, 0, 0, 0, 1, 0]",RIVER
ISS006-E-5884.JPG,"[0, 0, 0, 0, 0, 1, 0, 0, 0, 0]",ISLAND
ISS006-E-45377.JPG,"[0, 0, 1, 1, 0, 0, 0, 0, 0, 0]",COAST and DESERT
ISS004-E-6679.JPG,"[0, 0, 0, 0, 0, 1, 0, 0, 0, 0]",ISLAND
ISS001-E-6843.JPG,"[0, 0, 0, 0, 0, 0, 0, 0, 0, 1]",SNOW
ISS005-E-13955.JPG,"[0, 0, 0, 0, 0, 1, 0, 0, 0, 0]",ISLAND
ISS017-E-20517.JPG,"[0, 0, 0, 1, 0, 0, 0, 0, 0, 0]",DESERT
ISS006-E-17719.JPG,"[1, 0, 0, 1, 0, 0, 0, 0, 0, 0]",AGRICULTURE and DESERT
ISS012-E-20548.JPG,"[0, 0, 0, 0, 0, 0, 0, 1, 0, 1]",MOUNTAIN and SNOW
ISS005-E-5499.JPG,"[0, 0, 0, 1, 0, 0, 0, 0, 1, 0]",DESERT and RIVER
ISS007-E-6255.JPG,"[0, 0, 0, 0, 0, 0, 0, 0, 1, 0]",RIVER
ISS006-E-7340.JPG,"[0, 0, 0, 1, 0, 0, 1, 0, 0, 0]",DESERT and LAKE
ISS002-338-14.JPG,"[0, 0, 1, 0, 0, 1, 0, 0, 0, 0]",COAST and ISLAND
ISS004-E-5157.JPG,"[0, 0, 0, 0, 1, 0, 0, 0, 0, 0]",FOREST
ISS005-E-15831.JPG,"[0, 0, 1, 1, 0, 0, 0, 0, 0, 0]",COAST and DESERT
ISS004-E-12940.JPG,"[0, 0, 0, 0, 0, 0, 0, 0, 0, 1]",SNOW
ISS009-E-8265.JPG,"[0, 0, 0, 1, 0, 0, 1, 0, 0, 0]",DESERT and LAKE
ISS005-E-9199.JPG,"[0, 0, 1, 0, 0, 1, 0, 0, 0, 0]",COAST and ISLAND
ISS006-E-24766.JPG,"[0, 0, 0, 1, 0, 0, 1, 0, 0, 0]",DESERT and LAKE
ISS016-E-34071.JPG,"[1, 0, 0, 1, 0, 0, 0, 0, 0, 0]",AGRICULTURE and DESERT
ISS006-E-7915.JPG,"[0, 0, 0, 0, 0, 0, 1, 0, 0, 0]",LAKE
ISS004-E-6678.JPG,"[0, 0, 0, 0, 0, 1, 0, 0, 0, 0]",ISLAND
ISS003-311-32.JPG,"[0, 0, 0, 0, 0, 1, 0, 0, 0, 0]",ISLAND
ISS003-E-7280.JPG,"[0, 0, 0, 0, 0, 0, 0, 1, 0, 1]",MOUNTAIN and SNOW
ISS002-E-9913.JPG,"[0, 0, 0, 0, 0, 1, 0, 0, 0, 0]",ISLAND
ISS005-E-16433.JPG,"[0, 0, 0, 0, 0, 0, 0, 0, 1, 0]",RIVER
ISS006-E-32017.JPG,"[0, 0, 0, 1, 0, 0, 0, 0, 1, 0]",DESERT and RIVER
ISS001-702-BK_3.JPG,"[0, 0, 0, 0, 0, 0, 0, 0, 0, 1]",SNOW
ISS018-E-42957.JPG,"[0, 0, 0, 1, 0, 0, 0, 0, 0, 0]",DESERT
ISS006-E-37966.JPG,"[0, 0, 0, 0, 0, 0, 0, 0, 1, 0]",RIVER
ISS005-E-18451.JPG,"[0, 0, 0, 0, 0, 0, 0, 0, 1, 0]",RIVER
ISS007-E-16460.JPG,"[0, 0, 0, 0, 0, 1, 0, 0, 0, 0]",ISLAND
ISS007-E-5881.JPG,"[0, 0, 0, 0, 0, 0, 0, 1, 0, 1]",MOUNTAIN and SNOW
ISS005-E-7028.JPG,"[0, 1, 0, 0, 0, 0, 0, 0, 1, 0]",CITY and RIVER
ISS006-E-52284.JPG,"[0, 0, 0, 0, 0, 0, 0, 0, 1, 0]",RIVER
ISS008-E-6390.JPG,"[0, 0, 0, 1, 0, 0, 1, 0, 0, 0]",DESERT and LAKE
ISS001-362-23.JPG,"[0, 0, 0, 0, 0, 0, 0, 1, 0, 1]",MOUNTAIN and SNOW
ISS001-702-184_3.JPG,"[0, 0, 0, 0, 0, 0, 0, 1, 0, 1]",MOUNTAIN and SNOW
ISS005-E-16372.JPG,"[0, 0, 0, 1, 0, 0, 0, 0, 0, 0]",DESERT
ISS006-E-23468.JPG,"[0, 0, 0, 0, 0, 1, 0, 0, 0, 0]",ISLAND
ISS011-E-15994.JPG,"[0, 1, 0, 0, 0, 0, 0, 0, 0, 0]",CITY
ISS011-E-5938.JPG,"[1, 0, 0, 1, 0, 0, 0, 0, 0, 0]",AGRICULTURE and DESERT
ISS002-354-21.JPG,"[0, 0, 1, 1, 0, 0, 0, 0, 0, 0]",COAST and DESERT
ISS005-E-11531.JPG,"[0, 0, 0, 0, 0, 0, 0, 0, 1, 0]",RIVER
ISS004-E-10146.JPG,"[0, 0, 0, 0, 0, 1, 0, 0, 0, 0]",ISLAND
ISS001-702-175_3.JPG,"[0, 0, 1, 1, 0, 0, 0, 0, 0, 0]",COAST and DESERT
ISS008-E-15752.JPG,"[0, 0, 0, 0, 0, 0, 0, 1, 0, 1]",MOUNTAIN and SNOW
ISS016-E-8697.JPG,"[0, 1, 0, 0, 0, 0, 0, 0, 1, 0]",CITY and RIVER
ISS007-E-12737.JPG,"[0, 0, 0, 0, 0, 0, 0, 0, 1, 0]",RIVER
ISS006-E-5402.JPG,"[0, 0, 0, 0, 0, 0, 0, 1, 0, 1]",MOUNTAIN and SNOW
ISS017-E-20823.JPG,"[0, 0, 0, 0, 0, 0, 1, 0, 0, 1]",LAKE and SNOW
ISS007-E-12515.JPG,"[0, 1, 0, 0, 0, 0, 0, 0, 1, 0]",CITY and RIVER
ISS005-E-21917.JPG,"[0, 0, 1, 0, 0, 1, 0, 0, 0, 0]",COAST and ISLAND
ISS005-E-12712.JPG,"[0, 0, 0, 1, 0, 0, 0, 0, 1, 0]",DESERT and RIVER
ISS006-E-45330.JPG,"[0, 0, 0, 0, 0, 0, 0, 0, 1, 0]",RIVER
ISS006-E-36974.JPG,"[0, 0, 0, 0, 0, 0, 0, 0, 1, 0]",RIVER
ISS006-E-21719.JPG,"[0, 0, 0, 0, 0, 1, 0, 0, 0, 0]",ISLAND
ISS001-701-136_3.JPG,"[0, 0, 0, 1, 0, 0, 1, 0, 0, 0]",DESERT and LAKE
ISS005-E-17515.JPG,"[1, 0, 0, 0, 0, 0, 0, 0, 0, 0]",AGRICULTURE
ISS005-E-13969.JPG,"[0, 1, 0, 0, 0, 0, 0, 0, 1, 0]",CITY and RIVER
ISS016-E-8421.JPG,"[0, 0, 0, 1, 0, 0, 0, 0, 0, 0]",DESERT
ISS004-E-13011.JPG,"[0, 0, 0, 0, 0, 0, 0, 1, 0, 1]",MOUNTAIN and SNOW
ISS012-E-10487.JPG,"[0, 0, 0, 1, 0, 0, 1, 0, 0, 0]",DESERT and LAKE
ISS006-E-32019.JPG,"[0, 0, 0, 1, 0, 0, 0, 0, 1, 0]",DESERT and RIVER
ISS006-E-46043.JPG,"[0, 1, 0, 0, 0, 0, 0, 0, 1, 0]",CITY and RIVER
ISS002-383-16.JPG,"[0, 0, 1, 0, 0, 1, 0, 0, 0, 0]",COAST and ISLAND
ISS002-728D-145.JPG,"[0, 0, 0, 1, 0, 0, 0, 0, 0, 0]",DESERT
ISS001-702-115_3.JPG,"[0, 0, 1, 0, 0, 1, 0, 0, 0, 0]",COAST and ISLAND
ISS004-E-5798.JPG,"[0, 0, 0, 0, 0, 1, 0, 0, 0, 0]",ISLAND
ISS013-E-25742.JPG,"[0, 0, 0, 1, 0, 0, 0, 0, 0, 0]",DESERT
ISS018-E-5718.JPG,"[0, 0, 0, 1, 0, 0, 0, 0, 0, 0]",DESERT
ISS006-E-53546.JPG,"[0, 0, 0, 0, 0, 0, 0, 0, 1, 0]",RIVER
ISS002-703-26_3.JPG,"[0, 0, 1, 1, 0, 0, 0, 0, 0, 0]",COAST and DESERT
ISS009-E-13337.JPG,"[0, 0, 0, 1, 0, 0, 0, 0, 0, 0]",DESERT
ISS006-E-37345.JPG,"[0, 0, 0, 0, 0, 1, 0, 0, 0, 0]",ISLAND
ISS018-E-45615.JPG,"[0, 0, 0, 1, 0, 0, 1, 0, 0, 0]",DESERT and LAKE
ISS008-E-19188.JPG,"[0, 0, 0, 0, 0, 1, 0, 0, 0, 0]",ISLAND
ISS009-E-5914.JPG,"[0, 0, 1, 1, 0, 0, 0, 0, 0, 0]",COAST and DESERT
ISS005-E-13926.JPG,"[0, 0, 0, 0, 0, 1, 0, 0, 0, 0]",ISLAND
ISS006-E-49865.JPG,"[0, 0, 0, 0, 0, 0, 0, 1, 0, 1]",MOUNTAIN and SNOW
ISS012-E-8884.JPG,"[0, 0, 0, 0, 0, 0, 0, 1, 0, 1]",MOUNTAIN and SNOW
ISS006-E-35943.JPG,"[0, 0, 0, 0, 0, 0, 0, 1, 0, 1]",MOUNTAIN and SNOW
ISS002-711-8_3.JPG,"[0, 0, 0, 0, 0, 0, 0, 0, 1, 0]",RIVER
ISS003-E-6106.JPG,"[0, 0, 0, 0, 0, 0, 0, 1, 0, 1]",MOUNTAIN and SNOW
ISS005-E-20593.JPG,"[0, 0, 0, 0, 0, 0, 0, 0, 1, 0]",RIVER
ISS006-E-19935.JPG,"[0, 0, 1, 0, 0, 1, 0, 0, 0, 0]",COAST and ISLAND
ISS012-E-5141.JPG,"[0, 0, 0, 1, 0, 0, 0, 0, 0, 0]",DESERT
ISS002-E-9245.JPG,"[0, 1, 0, 0, 0, 0, 0, 0, 1, 0]",CITY and RIVER
ISS002-715-31_3.JPG,"[0, 0, 0, 1, 0, 0, 0, 0, 1, 0]",DESERT and RIVER
ISS006-E-28997.JPG,"[0, 0, 0, 0, 0, 0, 0, 1, 0, 1]",MOUNTAIN and SNOW
ISS002-E-8324.JPG,"[0, 0, 1, 0, 0, 1, 0, 0, 0, 0]",COAST and ISLAND
ISS004-E-11681.JPG,"[0, 0, 0, 1, 0, 0, 1, 0, 0, 0]",DESERT and LAKE
ISS006-E-34259.JPG,"[0, 0, 0, 0, 0, 0, 1, 0, 0, 1]",LAKE and SNOW
ISS001-418-18.JPG,"[0, 0, 0, 1, 0, 0, 0, 0, 1, 0]",DESERT and RIVER
ISS013-E-25745.JPG,"[0, 0, 0, 1, 0, 0, 0, 0, 0, 0]",DESERT
ISS006-E-38499.JPG,"[0, 0, 0, 1, 0, 0, 0, 0, 0, 0]",DESERT
ISS014-E-13687.JPG,"[0, 0, 0, 0, 0, 0, 1, 0, 0, 1]",LAKE and SNOW
ISS005-E-9788.JPG,"[0, 0, 0, 0, 0, 1, 0, 0, 0, 0]",ISLAND
ISS004-E-10247.JPG,"[0, 0, 0, 0, 0, 0, 0, 1, 0, 1]",MOUNTAIN and SNOW
ISS005-E-18093.JPG,"[0, 0, 0, 0, 0, 0, 0, 0, 1, 0]",RIVER
ISS016-E-28693.JPG,"[0, 0, 0, 1, 0, 0, 1, 0, 0, 0]",DESERT and LAKE
ISS016-E-8409.JPG,"[0, 0, 0, 1, 0, 0, 0, 0, 0, 0]",DESERT
ISS006-E-44104.JPG,"[0, 0, 0, 1, 0, 0, 0, 0, 1, 0]",DESERT and RIVER
ISS006-E-37375.JPG,"[0, 0, 1, 1, 0, 0, 0, 0, 0, 0]",COAST and DESERT
ISS002-E-8990.JPG,"[0, 0, 0, 0, 0, 1, 0, 0, 0, 0]",ISLAND
ISS002-378-18.JPG,"[0, 0, 0, 0, 0, 1, 0, 0, 0, 0]",ISLAND
ISS013-E-26838.JPG,"[1, 0, 0, 1, 0, 0, 0, 0, 0, 0]",AGRICULTURE and DESERT
ISS006-E-41906.JPG,"[0, 0, 0, 1, 0, 0, 0, 0, 1, 0]",DESERT and RIVER
ISS002-E-9200.JPG,"[0, 0, 0, 0, 0, 1, 0, 0, 0, 0]",ISLAND
ISS002-713-76_3.JPG,"[0, 0, 0, 0, 0, 0, 0, 1, 0, 0]",MOUNTAIN
ISS005-E-11688.JPG,"[0, 0, 1, 0, 0, 1, 0, 0, 0, 0]",COAST and ISLAND
ISS003-E-7685.JPG,"[0, 1, 0, 0, 0, 0, 0, 0, 1, 0]",CITY and RIVER
ISS002-348-14.JPG,"[0, 0, 0, 0, 0, 1, 0, 0, 0, 0]",ISLAND
ISS004-E-10270.JPG,"[0, 0, 0, 0, 0, 0, 0, 0, 1, 0]",RIVER
ISS007-E-7515.JPG,"[0, 0, 0, 0, 0, 0, 1, 0, 0, 1]",LAKE and SNOW
ISS001-368-6.JPG,"[0, 0, 0, 0, 0, 0, 0, 1, 0, 1]",MOUNTAIN and SNOW
ISS006-E-5742.JPG,"[0, 0, 0, 0, 0, 1, 0, 0, 0, 0]",ISLAND
ISS002-378-16.JPG,"[0, 0, 1, 0, 0, 1, 0, 0, 0, 0]",COAST and ISLAND
ISS002-E-6901.JPG,"[0, 0, 0, 0, 0, 1, 0, 0, 0, 0]",ISLAND
ISS018-E-5727.JPG,"[0, 0, 0, 1, 0, 0, 0, 0, 0, 0]",DESERT
ISS017-E-6002.JPG,"[0, 0, 0, 1, 0, 0, 0, 0, 0, 0]",DESERT
ISS007-E-12401.JPG,"[0, 1, 0, 0, 0, 0, 0, 0, 1, 0]",CITY and RIVER
ISS009-E-5462.JPG,"[1, 0, 0, 1, 0, 0, 0, 0, 0, 0]",AGRICULTURE and DESERT
ISS006-E-34248.JPG,"[0, 0, 0, 0, 0, 0, 0, 1, 0, 1]",MOUNTAIN and SNOW
ISS006-E-32285.JPG,"[0, 0, 0, 0, 0, 1, 0, 0, 0, 0]",ISLAND
ISS004-E-12639.JPG,"[0, 0, 0, 0, 0, 0, 0, 1, 0, 1]",MOUNTAIN and SNOW
ISS020-E-31654.JPG,"[0, 1, 0, 0, 0, 0, 0, 0, 0, 0]",CITY
ISS001-E-6356.JPG,"[0, 0, 0, 0, 0, 0, 0, 1, 0, 1]",MOUNTAIN and SNOW
ISS014-E-5378.JPG,"[0, 0, 0, 0, 0, 1, 0, 0, 0, 0]",ISLAND
ISS007-E-17966.JPG,"[0, 0, 0, 0, 0, 1, 0, 0, 0, 0]",ISLAND
ISS006-E-6730.JPG,"[0, 0, 0, 1, 0, 0, 1, 0, 0, 0]",DESERT and LAKE
ISS015-E-8887.JPG,"[0, 1, 0, 0, 0, 0, 0, 0, 1, 0]",CITY and RIVER
ISS005-E-16620.JPG,"[0, 0, 0, 0, 0, 0, 0, 0, 1, 0]",RIVER
ISS016-E-8406.JPG,"[0, 0, 0, 1, 0, 0, 0, 0, 0, 0]",DESERT
ISS020-E-48439.JPG,"[1, 0, 0, 1, 0, 0, 0, 0, 0, 0]",AGRICULTURE and DESERT
ISS018-E-7109.JPG,"[0, 0, 0, 1, 0, 0, 0, 0, 0, 0]",DESERT
ISS015-E-14380.JPG,"[0, 0, 1, 1, 0, 0, 0, 0, 0, 0]",COAST and DESERT
ISS007-E-8226_2.JPG,"[0, 0, 0, 0, 0, 0, 0, 1, 0, 1]",MOUNTAIN and SNOW
ISS006-E-38900.JPG,"[0, 0, 0, 0, 0, 1, 0, 0, 0, 0]",ISLAND
ISS005-E-13449.JPG,"[0, 0, 1, 0, 0, 1, 0, 0, 0, 0]",COAST and ISLAND
ISS003-E-6353.JPG,"[0, 0, 0, 0, 0, 0, 0, 1, 0, 0]",MOUNTAIN
ISS008-E-13335.JPG,"[0, 0, 0, 1, 0, 0, 0, 0, 0, 0]",DESERT
ISS010-E-35602.JPG,"[0, 0, 0, 0, 0, 1, 0, 0, 0, 0]",ISLAND
ISS018-E-27662.JPG,"[0, 0, 1, 1, 0, 0, 0, 0, 0, 0]",COAST and DESERT
ISS004-E-8530.JPG,"[0, 0, 0, 0, 0, 1, 0, 0, 0, 0]",ISLAND
ISS002-E-6660.JPG,"[0, 0, 0, 0, 0, 1, 0, 0, 0, 0]",ISLAND
ISS007-E-12441.JPG,"[0, 0, 0, 0, 0, 0, 0, 1, 1, 0]",MOUNTAIN and RIVER
ISS014-E-7419.JPG,"[0, 0, 0, 0, 0, 0, 0, 1, 0, 0]",MOUNTAIN
ISS018-E-5342.JPG,"[0, 0, 0, 0, 0, 0, 0, 1, 0, 1]",MOUNTAIN and SNOW
ISS012-E-11646.JPG,"[0, 0, 0, 1, 0, 0, 1, 0, 0, 0]",DESERT and LAKE
ISS006-E-26744.JPG,"[0, 0, 0, 0, 0, 1, 0, 0, 0, 0]",ISLAND
ISS001-E-5759.JPG,"[0, 0, 0, 0, 0, 0, 0, 1, 0, 1]",MOUNTAIN and SNOW
ISS006-E-7179.JPG,"[0, 0, 0, 0, 0, 1, 0, 0, 0, 0]",ISLAND
ISS006-E-49505.JPG,"[0, 0, 0, 0, 0, 0, 0, 0, 1, 0]",RIVER
ISS017-E-16612.JPG,"[0, 0, 0, 1, 0, 0, 1, 0, 0, 0]",DESERT and LAKE
ISS018-E-5339.JPG,"[0, 0, 0, 0, 0, 0, 0, 1, 0, 0]",MOUNTAIN
ISS006-E-7969.JPG,"[0, 0, 0, 0, 0, 1, 0, 0, 0, 0]",ISLAND
ISS002-728C-84.JPG,"[0, 0, 1, 1, 0, 0, 0, 0, 0, 0]",COAST and DESERT
ISS007-E-11400.JPG,"[0, 0, 0, 0, 0, 0, 0, 0, 1, 0]",RIVER
ISS006-E-50357.JPG,"[0, 0, 0, 1, 0, 0, 1, 0, 0, 0]",DESERT and LAKE
ISS006-E-18781.JPG,"[0, 0, 1, 0, 0, 1, 0, 0, 0, 0]",COAST and ISLAND
ISS004-E-6254.JPG,"[0, 0, 0, 0, 0, 1, 0, 0, 0, 0]",ISLAND
ISS005-E-5231.JPG,"[0, 0, 1, 1, 0, 0, 0, 0, 0, 0]",COAST and DESERT
ISS002-728E-4_3.JPG,"[0, 0, 0, 0, 0, 1, 0, 0, 0, 0]",ISLAND
ISS006-E-13826.JPG,"[1, 0, 0, 1, 0, 0, 0, 0, 0, 0]",AGRICULTURE and DESERT
ISS004-E-12157.JPG,"[0, 0, 0, 0, 0, 0, 0, 1, 0, 1]",MOUNTAIN and SNOW
ISS003-E-7666.JPG,"[0, 0, 0, 0, 0, 0, 0, 0, 1, 0]",RIVER
ISS005-E-21288.JPG,"[0, 0, 0, 0, 0, 0, 0, 0, 1, 0]",RIVER
ISS016-E-8422.JPG,"[0, 0, 0, 1, 0, 0, 0, 0, 0, 0]",DESERT
ISS006-E-50685.JPG,"[0, 0, 0, 0, 0, 0, 1, 0, 0, 1]",LAKE and SNOW
ISS015-E-29852.JPG,"[0, 0, 0, 1, 0, 0, 0, 0, 0, 0]",DESERT
ISS001-702-241_3.JPG,"[0, 0, 0, 0, 0, 0, 0, 0, 0, 1]",SNOW
ISS007-E-13145.JPG,"[0, 0, 1, 0, 0, 1, 0, 0, 0, 0]",COAST and ISLAND
ISS006-E-33378.JPG,"[0, 0, 0, 0, 0, 1, 0, 0, 0, 0]",ISLAND
ISS007-E-6634.JPG,"[0, 0, 0, 0, 0, 0, 0, 1, 0, 1]",MOUNTAIN and SNOW
ISS014-E-6931.JPG,"[0, 0, 0, 1, 0, 0, 0, 0, 0, 0]",DESERT
ISS013-E-21519.JPG,"[0, 0, 0, 1, 0, 0, 1, 0, 0, 0]",DESERT and LAKE
ISS010-E-9278.JPG,"[0, 0, 0, 0, 0, 1, 0, 0, 0, 0]",ISLAND
ISS001-701-164_3.JPG,"[0, 0, 0, 0, 0, 0, 0, 0, 0, 1]",SNOW
ISS005-E-13278.JPG,"[0, 0, 0, 0, 0, 1, 0, 0, 0, 0]",ISLAND
ISS005-E-13830.JPG,"[0, 0, 1, 0, 0, 1, 0, 0, 0, 0]",COAST and ISLAND
ISS014-E-12949.JPG,"[0, 0, 0, 1, 0, 0, 1, 0, 0, 0]",DESERT and LAKE
ISS006-E-5744.JPG,"[0, 0, 0, 0, 0, 1, 0, 0, 0, 0]",ISLAND
ISS014-E-12811.JPG,"[0, 0, 0, 1, 0, 0, 1, 0, 0, 0]",DESERT and LAKE
ISS004-E-13025.JPG,"[0, 0, 0, 0, 0, 0, 0, 1, 0, 1]",MOUNTAIN and SNOW
ISS004-E-8175.JPG,"[0, 0, 0, 0, 0, 0, 0, 1, 0, 1]",MOUNTAIN and SNOW
ISS007-E-8996.JPG,"[0, 1, 0, 0, 0, 0, 0, 0, 1, 0]",CITY and RIVER
ISS006-E-36972.JPG,"[0, 0, 0, 0, 0, 0, 0, 0, 1, 0]",RIVER
ISS004-E-7735.JPG,"[1, 0, 0, 1, 0, 0, 0, 0, 0, 0]",AGRICULTURE and DESERT
ISS006-E-26741.JPG,"[0, 0, 0, 0, 0, 1, 0, 0, 0, 0]",ISLAND
ISS018-E-7110.JPG,"[0, 0, 0, 1, 0, 0, 0, 0, 0, 0]",DESERT
ISS006-E-26364.JPG,"[0, 0, 0, 1, 0, 0, 1, 0, 0, 0]",DESERT and LAKE
ISS002-732-26_3.JPG,"[0, 0, 0, 0, 0, 1, 0, 0, 0, 0]",ISLAND
ISS002-717-22.JPG,"[0, 0, 0, 1, 0, 0, 1, 0, 0, 0]",DESERT and LAKE
ISS008-E-18292.JPG,"[0, 0, 0, 0, 0, 1, 0, 0, 0, 0]",ISLAND
ISS006-E-50689.JPG,"[0, 0, 0, 0, 0, 0, 1, 0, 0, 1]",LAKE and SNOW
ISS005-E-10630.JPG,"[0, 0, 0, 0, 0, 0, 0, 0, 1, 0]",RIVER
ISS006-E-19940.JPG,"[0, 0, 0, 0, 0, 1, 0, 0, 0, 0]",ISLAND
ISS004-E-7883.JPG,"[0, 0, 0, 0, 0, 1, 0, 0, 0, 0]",ISLAND
ISS007-E-12720.JPG,"[0, 0, 0, 0, 0, 0, 0, 0, 1, 0]",RIVER
ISS004-E-10923.JPG,"[0, 0, 0, 0, 0, 0, 0, 1, 0, 1]",MOUNTAIN and SNOW
ISS005-E-15272.JPG,"[0, 0, 0, 0, 0, 1, 0, 0, 0, 0]",ISLAND
ISS006-E-29046.JPG,"[0, 0, 0, 0, 0, 1, 0, 0, 0, 0]",ISLAND
ISS006-E-38898.JPG,"[0, 0, 0, 0, 0, 1, 0, 0, 0, 0]",ISLAND
ISS019-E-21693.JPG,"[1, 0, 0, 1, 0, 0, 0, 0, 0, 0]",AGRICULTURE and DESERT
ISS008-E-12362.JPG,"[0, 0, 0, 0, 0, 0, 0, 1, 0, 1]",MOUNTAIN and SNOW
ISS004-E-10399.JPG,"[0, 1, 0, 0, 0, 0, 0, 0, 1, 0]",CITY and RIVER
ISS001-374-31.JPG,"[0, 0, 0, 1, 0, 0, 0, 0, 0, 0]",DESERT
ISS006-E-53528.JPG,"[0, 0, 0, 0, 0, 0, 0, 0, 1, 0]",RIVER
ISS010-E-5647.JPG,"[0, 0, 0, 0, 0, 0, 1, 0, 0, 1]",LAKE and SNOW
ISS006-E-7270.JPG,"[0, 0, 0, 0, 0, 0, 0, 1, 0, 1]",MOUNTAIN and SNOW
ISS002-E-8420.JPG,"[0, 0, 0, 1, 0, 0, 0, 0, 0, 0]",DESERT
ISS007-E-14788.JPG,"[0, 0, 0, 0, 0, 1, 0, 0, 0, 0]",ISLAND
ISS008-E-17617.JPG,"[0, 0, 0, 0, 0, 1, 0, 0, 0, 0]",ISLAND
ISS001-E-6668.JPG,"[0, 0, 0, 0, 0, 0, 0, 1, 0, 1]",MOUNTAIN and SNOW
ISS005-E-15537.JPG,"[0, 0, 0, 0, 0, 0, 0, 1, 0, 1]",MOUNTAIN and SNOW
ISS018-E-42953.JPG,"[0, 0, 0, 1, 0, 0, 0, 0, 0, 0]",DESERT
ISS006-E-42060.JPG,"[0, 0, 0, 0, 0, 0, 0, 1, 0, 1]",MOUNTAIN and SNOW
ISS008-E-17094.JPG,"[0, 0, 0, 0, 0, 1, 0, 0, 0, 0]",ISLAND
ISS017-E-21249.JPG,"[0, 0, 0, 1, 0, 0, 0, 0, 0, 0]",DESERT
ISS004-E-12211.JPG,"[0, 1, 0, 0, 0, 0, 0, 0, 1, 0]",CITY and RIVER
ISS002-E-8065.JPG,"[0, 1, 0, 0, 0, 0, 0, 0, 1, 0]",CITY and RIVER
ISS006-E-14421.JPG,"[0, 0, 1, 1, 0, 0, 0, 0, 0, 0]",COAST and DESERT
ISS015-E-14382.JPG,"[0, 0, 1, 1, 0, 0, 0, 0, 0, 0]",COAST and DESERT
ISS001-371-9.JPG,"[0, 0, 0, 0, 0, 0, 0, 1, 0, 1]",MOUNTAIN and SNOW
ISS006-E-50698.JPG,"[0, 0, 0, 0, 0, 0, 0, 1, 0, 1]",MOUNTAIN and SNOW
ISS019-E-5449.JPG,"[0, 0, 0, 0, 0, 1, 0, 0, 0, 0]",ISLAND
ISS002-702-54_3.JPG,"[0, 0, 0, 0, 0, 0, 0, 0, 1, 0]",RIVER
ISS018-E-5717.JPG,"[0, 0, 0, 1, 0, 0, 0, 0, 0, 0]",DESERT
ISS003-311-35.JPG,"[0, 0, 0, 0, 0, 1, 0, 0, 0, 0]",ISLAND
ISS001-701-331_3.JPG,"[0, 0, 0, 0, 0, 0, 0, 0, 0, 1]",SNOW
ISS007-E-15592.JPG,"[0, 0, 0, 0, 0, 0, 0, 1, 0, 0]",MOUNTAIN
ISS006-E-50800.JPG,"[0, 0, 1, 1, 0, 0, 0, 0, 0, 0]",COAST and DESERT
ISS002-E-8995.JPG,"[0, 0, 0, 0, 0, 1, 0, 0, 0, 0]",ISLAND
ISS001-702-AT_3.JPG,"[0, 0, 0, 0, 0, 0, 0, 1, 0, 1]",MOUNTAIN and SNOW
ISS007-E-15953.JPG,"[0, 0, 0, 0, 0, 1, 0, 0, 0, 0]",ISLAND
ISS001-E-6503.JPG,"[0, 0, 0, 0, 0, 0, 0, 1, 0, 1]",MOUNTAIN and SNOW
ISS006-E-37399.JPG,"[0, 0, 0, 0, 0, 1, 0, 0, 0, 0]",ISLAND
ISS013-E-25748.JPG,"[0, 0, 0, 1, 0, 0, 0, 0, 0, 0]",DESERT
ISS006-E-14118.JPG,"[0, 0, 1, 0, 0, 1, 0, 0, 0, 0]",COAST and ISLAND
ISS001-E-6355.JPG,"[0, 0, 0, 0, 0, 0, 0, 1, 0, 1]",MOUNTAIN and SNOW
ISS002-720-77_3.JPG,"[0, 0, 0, 1, 0, 0, 0, 0, 0, 0]",DESERT
ISS018-E-31499.JPG,"[0, 0, 0, 1, 0, 0, 0, 0, 0, 0]",DESERT
ISS020-E-9260.JPG,"[0, 0, 0, 1, 0, 0, 0, 0, 0, 0]",DESERT
ISS018-E-7123.JPG,"[0, 0, 0, 1, 0, 0, 0, 0, 0, 0]",DESERT
ISS006-E-51190_2.JPG,"[0, 0, 0, 0, 0, 1, 0, 0, 0, 0]",ISLAND
ISS007-E-7178.JPG,"[0, 0, 0, 0, 0, 0, 0, 0, 1, 0]",RIVER
ISS016-E-11160.JPG,"[1, 0, 0, 1, 0, 0, 0, 0, 0, 0]",AGRICULTURE and DESERT
ISS001-E-6851.JPG,"[0, 1, 0, 0, 0, 0, 0, 0, 1, 0]",CITY and RIVER
ISS016-E-34013.JPG,"[1, 0, 0, 1, 0, 0, 0, 0, 0, 0]",AGRICULTURE and DESERT
ISS002-703-175_3.JPG,"[0, 0, 1, 1, 0, 0, 0, 0, 0, 0]",COAST and DESERT
ISS005-E-16774.JPG,"[0, 0, 0, 0, 0, 0, 0, 1, 1, 0]",MOUNTAIN and RIVER
ISS002-703-27_3.JPG,"[0, 0, 0, 1, 0, 0, 0, 0, 0, 0]",DESERT
ISS004-E-6255.JPG,"[0, 0, 0, 0, 0, 1, 0, 0, 0, 0]",ISLAND
ISS006-E-35885.JPG,"[0, 0, 0, 0, 0, 1, 0, 0, 0, 0]",ISLAND
ISS003-E-5212.JPG,"[0, 0, 0, 1, 0, 0, 1, 0, 0, 0]",DESERT and LAKE
ISS010-E-14307.JPG,"[0, 0, 0, 0, 0, 0, 0, 0, 1, 0]",RIVER
ISS006-E-31911.JPG,"[0, 0, 0, 0, 0, 1, 0, 0, 0, 0]",ISLAND
ISS003-E-5390.JPG,"[0, 0, 1, 0, 0, 1, 0, 0, 0, 0]",COAST and ISLAND
ISS008-E-15519.JPG,"[0, 0, 0, 0, 0, 0, 0, 1, 0, 1]",MOUNTAIN and SNOW
ISS005-E-20959.JPG,"[0, 0, 0, 0, 0, 0, 0, 0, 1, 0]",RIVER
ISS016-E-34009.JPG,"[0, 0, 0, 0, 0, 0, 0, 1, 0, 0]",MOUNTAIN
ISS002-376-32.JPG,"[0, 0, 1, 0, 0, 1, 0, 0, 0, 0]",COAST and ISLAND
ISS002-315-21.JPG,"[0, 0, 1, 0, 0, 1, 0, 0, 0, 0]",COAST and ISLAND
ISS002-704-47_3.JPG,"[0, 0, 0, 1, 0, 0, 0, 0, 0, 0]",DESERT
ISS001-701-88_3.JPG,"[0, 0, 0, 0, 0, 0, 0, 1, 0, 1]",MOUNTAIN and SNOW
ISS005-E-20711.JPG,"[1, 0, 0, 0, 0, 0, 0, 0, 0, 0]",AGRICULTURE
ISS004-E-7497.JPG,"[0, 0, 0, 0, 0, 0, 1, 0, 0, 1]",LAKE and SNOW
ISS002-351-13.JPG,"[0, 0, 0, 0, 0, 1, 0, 0, 0, 0]",ISLAND
ISS002-315-19.JPG,"[0, 0, 1, 0, 0, 1, 0, 0, 0, 0]",COAST and ISLAND
ISS018-E-25829.JPG,"[0, 0, 0, 1, 0, 0, 0, 0, 0, 0]",DESERT
ISS002-727-83_3.JPG,"[0, 0, 1, 1, 0, 0, 0, 0, 0, 0]",COAST and DESERT
ISS008-E-19009.JPG,"[0, 0, 0, 0, 0, 0, 0, 0, 1, 0]",RIVER
ISS001-701-273_3.JPG,"[0, 0, 1, 1, 0, 0, 0, 0, 0, 0]",COAST and DESERT
ISS001-E-5896.JPG,"[0, 0, 0, 1, 0, 0, 1, 0, 0, 0]",DESERT and LAKE
ISS002-E-9190.JPG,"[0, 0, 0, 0, 0, 1, 0, 0, 0, 0]",ISLAND
ISS002-705-84_3.JPG,"[0, 0, 0, 1, 0, 0, 1, 0, 0, 0]",DESERT and LAKE
ISS008-E-14664.JPG,"[0, 0, 1, 1, 0, 0, 0, 0, 0, 0]",COAST and DESERT
ISS020-E-30059.JPG,"[0, 0, 0, 0, 0, 1, 0, 0, 0, 0]",ISLAND
ISS002-714-55_3.JPG,"[0, 0, 0, 1, 0, 0, 0, 0, 0, 0]",DESERT
ISS017-E-8930.JPG,"[0, 1, 0, 0, 0, 0, 0, 0, 1, 0]",CITY and RIVER
ISS012-E-7530.JPG,"[0, 0, 0, 1, 0, 0, 0, 0, 0, 0]",DESERT
ISS005-E-14127.JPG,"[0, 0, 0, 0, 0, 1, 0, 0, 0, 0]",ISLAND
ISS004-E-12679.JPG,"[0, 0, 0, 0, 0, 0, 0, 1, 0, 1]",MOUNTAIN and SNOW
ISS009-E-25998.JPG,"[1, 0, 0, 1, 0, 0, 0, 0, 0, 0]",AGRICULTURE and DESERT
ISS002-408-1.JPG,"[0, 0, 0, 0, 0, 0, 0, 0, 1, 0]",RIVER
ISS017-E-18946.JPG,"[1, 0, 0, 0, 0, 0, 0, 0, 0, 0]",AGRICULTURE
ISS006-E-37141.JPG,"[0, 0, 0, 1, 0, 0, 1, 0, 0, 0]",DESERT and LAKE
ISS004-E-10469.JPG,"[0, 0, 0, 0, 0, 0, 0, 0, 1, 0]",RIVER
ISS002-E-6442.JPG,"[0, 0, 0, 0, 0, 1, 0, 0, 0, 0]",ISLAND
ISS004-E-12944.JPG,"[0, 0, 0, 0, 0, 0, 0, 1, 0, 1]",MOUNTAIN and SNOW
ISS002-E-8271.JPG,"[0, 0, 0, 0, 0, 0, 1, 0, 0, 1]",LAKE and SNOW
ISS006-E-20502.JPG,"[0, 0, 1, 0, 0, 1, 0, 0, 0, 0]",COAST and ISLAND
ISS002-727A-13_3.JPG,"[0, 0, 0, 0, 0, 0, 0, 0, 0, 1]",SNOW
ISS005-E-10000.JPG,"[0, 0, 0, 0, 0, 0, 0, 0, 1, 0]",RIVER
ISS002-E-9162.JPG,"[0, 0, 0, 0, 0, 1, 0, 0, 0, 0]",ISLAND
ISS013-E-18431.JPG,"[1, 0, 0, 0, 0, 0, 0, 0, 0, 0]",AGRICULTURE
ISS006-E-35746.JPG,"[0, 0, 0, 0, 0, 0, 0, 0, 1, 0]",RIVER
ISS005-E-11511.JPG,"[0, 0, 0, 0, 0, 1, 0, 0, 0, 0]",ISLAND
ISS012-E-19184.JPG,"[0, 0, 0, 1, 0, 0, 0, 0, 0, 0]",DESERT
ISS015-E-16973.JPG,"[0, 0, 0, 1, 0, 0, 0, 0, 0, 0]",DESERT
ISS002-403-19.JPG,"[0, 0, 0, 0, 0, 1, 0, 0, 0, 0]",ISLAND
ISS010-E-24254.JPG,"[0, 0, 0, 1, 0, 0, 1, 0, 0, 0]",DESERT and LAKE
ISS005-E-16469.JPG,"[0, 0, 0, 1, 0, 0, 0, 0, 0, 0]",DESERT
ISS001-702-173_3.JPG,"[0, 0, 0, 0, 0, 1, 0, 0, 0, 0]",ISLAND
ISS011-E-7882.JPG,"[0, 0, 0, 1, 0, 0, 1, 0, 0, 0]",DESERT and LAKE
ISS001-E-6411.JPG,"[0, 0, 0, 0, 0, 0, 0, 0, 1, 0]",RIVER
ISS001-701-236D_3.JPG,"[0, 0, 0, 0, 0, 0, 0, 1, 0, 1]",MOUNTAIN and SNOW
ISS001-372-20.JPG,"[1, 0, 0, 1, 0, 0, 0, 0, 0, 0]",AGRICULTURE and DESERT
ISS004-E-7488.JPG,"[0, 0, 0, 0, 0, 0, 0, 1, 0, 1]",MOUNTAIN and SNOW
ISS007-E-17186.JPG,"[0, 0, 0, 0, 0, 0, 0, 1, 0, 1]",MOUNTAIN and SNOW
ISS007-E-12719.JPG,"[0, 0, 0, 0, 0, 0, 0, 0, 1, 0]",RIVER
ISS006-E-36990.JPG,"[0, 0, 1, 1, 0, 0, 0, 0, 0, 0]",COAST and DESERT
ISS005-E-7511.JPG,"[0, 0, 0, 1, 0, 0, 0, 0, 0, 0]",DESERT
ISS019-E-18916.JPG,"[0, 0, 0, 1, 0, 0, 1, 0, 0, 0]",DESERT and LAKE
ISS006-E-7297.JPG,"[0, 0, 0, 1, 0, 0, 0, 0, 0, 0]",DESERT
ISS015-E-9278.JPG,"[0, 0, 0, 1, 0, 0, 1, 0, 0, 0]",DESERT and LAKE
ISS002-E-6655.JPG,"[0, 0, 0, 0, 0, 1, 0, 0, 0, 0]",ISLAND
ISS020-E-9261.JPG,"[0, 0, 0, 1, 0, 0, 0, 0, 0, 0]",DESERT
ISS011-E-8527.JPG,"[0, 0, 0, 0, 0, 1, 0, 0, 0, 0]",ISLAND
ISS001-E-6669.JPG,"[0, 0, 0, 0, 0, 0, 0, 1, 0, 1]",MOUNTAIN and SNOW
ISS018-E-5658.JPG,"[0, 0, 0, 0, 0, 0, 0, 1, 0, 0]",MOUNTAIN
ISS007-E-9804.JPG,"[0, 0, 0, 0, 0, 0, 0, 0, 1, 0]",RIVER
ISS004-E-7507.JPG,"[0, 0, 0, 0, 0, 0, 0, 1, 0, 1]",MOUNTAIN and SNOW
ISS004-E-12932.JPG,"[0, 0, 0, 0, 0, 0, 0, 1, 0, 1]",MOUNTAIN and SNOW
ISS005-E-16231.JPG,"[0, 0, 0, 1, 0, 0, 0, 0, 0, 0]",DESERT
ISS006-E-41955.JPG,"[0, 0, 0, 0, 0, 0, 0, 0, 1, 0]",RIVER
ISS002-E-6985.JPG,"[0, 0, 0, 0, 0, 1, 0, 0, 0, 0]",ISLAND
ISS007-E-15157.JPG,"[0, 0, 0, 0, 0, 0, 0, 1, 0, 0]",MOUNTAIN
ISS004-E-10246.JPG,"[0, 0, 0, 0, 0, 0, 0, 1, 0, 1]",MOUNTAIN and SNOW
ISS003-E-5994.JPG,"[0, 0, 1, 0, 0, 1, 0, 0, 0, 0]",COAST and ISLAND
ISS004-E-12150.JPG,"[0, 0, 0, 0, 0, 0, 0, 1, 0, 1]",MOUNTAIN and SNOW
ISS005-E-9662.JPG,"[0, 0, 0, 0, 0, 1, 0, 0, 0, 0]",ISLAND
ISS002-E-6801.JPG,"[0, 0, 0, 1, 0, 0, 0, 0, 0, 0]",DESERT
ISS005-E-10731.JPG,"[0, 0, 0, 0, 0, 1, 0, 0, 0, 0]",ISLAND
ISS002-712-19_3.JPG,"[0, 0, 1, 1, 0, 0, 0, 0, 0, 0]",COAST and DESERT
ISS004-E-7492.JPG,"[0, 0, 0, 0, 0, 0, 1, 0, 0, 1]",LAKE and SNOW
ISS009-E-5663.JPG,"[1, 0, 0, 1, 0, 0, 0, 0, 0, 0]",AGRICULTURE and DESERT
ISS018-E-7100.JPG,"[0, 0, 0, 1, 0, 0, 0, 0, 0, 0]",DESERT
ISS004-E-13133.JPG,"[0, 0, 1, 1, 0, 0, 0, 0, 0, 0]",COAST and DESERT
ISS018-E-7098.JPG,"[0, 0, 0, 1, 0, 0, 0, 0, 0, 0]",DESERT
ISS002-357-22.JPG,"[0, 0, 0, 0, 0, 1, 0, 0, 0, 0]",ISLAND
ISS006-E-41964.JPG,"[0, 0, 0, 1, 0, 0, 1, 0, 0, 0]",DESERT and LAKE
ISS012-E-11689.JPG,"[0, 0, 0, 1, 0, 0, 1, 0, 0, 0]",DESERT and LAKE
ISS005-E-6634.JPG,"[0, 0, 1, 1, 0, 0, 0, 0, 0, 0]",COAST and DESERT
ISS007-E-16453.JPG,"[0, 0, 1, 1, 0, 0, 0, 0, 0, 0]",COAST and DESERT
ISS005-E-5594.JPG,"[1, 0, 0, 0, 0, 0, 0, 0, 0, 0]",AGRICULTURE
ISS017-E-21186.JPG,"[0, 0, 0, 1, 0, 0, 0, 0, 0, 0]",DESERT
ISS004-E-8148.JPG,"[0, 0, 0, 0, 0, 1, 0, 0, 0, 0]",ISLAND
ISS007-E-12738_2.JPG,"[0, 0, 0, 0, 0, 0, 0, 0, 1, 0]",RIVER
ISS014-E-18729.JPG,"[0, 0, 0, 1, 0, 0, 1, 0, 0, 0]",DESERT and LAKE
ISS006-E-35420.JPG,"[0, 0, 0, 0, 0, 1, 0, 0, 0, 0]",ISLAND
ISS017-E-18947.JPG,"[1, 0, 0, 0, 0, 0, 0, 0, 0, 0]",AGRICULTURE
ISS007-E-17511.JPG,"[1, 0, 0, 0, 0, 0, 0, 0, 0, 0]",AGRICULTURE
ISS006-E-22062.JPG,"[0, 0, 0, 0, 0, 1, 0, 0, 0, 0]",ISLAND
ISS002-324-30.JPG,"[0, 1, 0, 0, 0, 0, 0, 0, 1, 0]",CITY and RIVER
ISS012-E-5129.JPG,"[0, 0, 0, 1, 0, 0, 0, 0, 0, 0]",DESERT
ISS009-E-19779.JPG,"[0, 0, 0, 0, 0, 0, 0, 0, 1, 0]",RIVER
ISS005-E-11091.JPG,"[0, 0, 0, 0, 0, 0, 0, 0, 1, 0]",RIVER
ISS006-E-34292.JPG,"[0, 0, 0, 0, 0, 0, 0, 1, 0, 1]",MOUNTAIN and SNOW
ISS007-E-16457.JPG,"[0, 0, 1, 1, 0, 0, 0, 0, 0, 0]",COAST and DESERT
ISS003-E-7301.JPG,"[0, 0, 0, 0, 0, 0, 0, 0, 1, 0]",RIVER
ISS005-E-21887.JPG,"[0, 0, 0, 0, 0, 0, 0, 1, 1, 0]",MOUNTAIN and RIVER
ISS009-E-8237.JPG,"[0, 0, 0, 1, 0, 0, 1, 0, 0, 0]",DESERT and LAKE
ISS006-E-10065.JPG,"[0, 0, 0, 1, 0, 0, 0, 0, 0, 0]",DESERT
ISS016-E-34069.JPG,"[1, 0, 0, 1, 0, 0, 0, 0, 0, 0]",AGRICULTURE and DESERT
ISS013-E-7103.JPG,"[0, 0, 0, 0, 0, 1, 0, 0, 0, 0]",ISLAND
ISS002-731-A_3.JPG,"[0, 0, 0, 0, 0, 1, 0, 0, 0, 0]",ISLAND
ISS006-E-17037.JPG,"[0, 0, 0, 0, 0, 1, 0, 0, 0, 0]",ISLAND
ISS001-702-AN_3.JPG,"[0, 0, 0, 0, 0, 0, 0, 0, 0, 1]",SNOW
ISS005-E-6927.JPG,"[0, 0, 0, 1, 0, 0, 1, 0, 0, 0]",DESERT and LAKE
ISS013-E-35075.JPG,"[0, 0, 0, 0, 1, 0, 0, 0, 0, 0]",FOREST
ISS006-E-10064.JPG,"[0, 0, 0, 1, 0, 0, 0, 0, 0, 0]",DESERT
ISS007-E-12402.JPG,"[0, 0, 0, 0, 0, 0, 0, 0, 1, 0]",RIVER
ISS002-728E-23_3.JPG,"[0, 0, 0, 0, 0, 0, 0, 0, 1, 0]",RIVER
ISS006-E-53527.JPG,"[0, 0, 0, 0, 0, 0, 0, 0, 1, 0]",RIVER
ISS003-E-7646.JPG,"[0, 1, 0, 0, 0, 0, 0, 0, 1, 0]",CITY and RIVER
ISS008-E-6363.JPG,"[0, 0, 0, 0, 0, 0, 0, 1, 0, 1]",MOUNTAIN and SNOW
ISS006-E-23456.JPG,"[1, 0, 0, 1, 0, 0, 0, 0, 0, 0]",AGRICULTURE and DESERT
ISS014-E-6907.JPG,"[0, 0, 0, 1, 0, 0, 1, 0, 0, 0]",DESERT and LAKE
ISS004-E-5158.JPG,"[0, 0, 0, 0, 0, 0, 0, 0, 1, 0]",RIVER
ISS016-E-5116.JPG,"[0, 0, 0, 0, 0, 0, 0, 1, 0, 1]",MOUNTAIN and SNOW
ISS006-E-47713.JPG,"[0, 0, 0, 1, 0, 0, 1, 0, 0, 0]",DESERT and LAKE
ISS010-E-14548.JPG,"[0, 0, 0, 0, 0, 1, 0, 0, 0, 0]",ISLAND
ISS003-E-5061.JPG,"[0, 0, 0, 0, 0, 1, 0, 0, 0, 0]",ISLAND
ISS006-E-8542.JPG,"[0, 0, 0, 1, 0, 0, 0, 0, 0, 0]",DESERT
ISS005-E-13952.JPG,"[0, 0, 0, 0, 0, 1, 0, 0, 0, 0]",ISLAND
ISS002-376-26.JPG,"[0, 0, 1, 0, 0, 1, 0, 0, 0, 0]",COAST and ISLAND
ISS004-E-7502.JPG,"[0, 0, 0, 0, 0, 0, 0, 1, 0, 1]",MOUNTAIN and SNOW
ISS001-701-260_3.JPG,"[0, 0, 0, 0, 0, 1, 0, 0, 0, 0]",ISLAND
ISS002-E-6102.JPG,"[0, 0, 0, 0, 0, 1, 0, 0, 0, 0]",ISLAND
ISS006-E-52304.JPG,"[0, 0, 0, 0, 0, 0, 0, 0, 1, 0]",RIVER
ISS006-E-33334.JPG,"[0, 0, 0, 0, 0, 1, 0, 0, 0, 0]",ISLAND
ISS006-E-52283.JPG,"[0, 0, 0, 0, 0, 0, 0, 0, 1, 0]",RIVER
ISS006-E-35887.JPG,"[0, 0, 0, 0, 0, 1, 0, 0, 0, 0]",ISLAND
ISS002-378-22.JPG,"[0, 0, 1, 0, 0, 1, 0, 0, 0, 0]",COAST and ISLAND
ISS009-E-6209.JPG,"[0, 0, 0, 0, 0, 1, 0, 0, 0, 0]",ISLAND
ISS012-E-15468.JPG,"[0, 1, 0, 0, 0, 0, 0, 0, 1, 0]",CITY and RIVER
ISS018-E-5656.JPG,"[0, 0, 0, 0, 0, 0, 0, 1, 0, 1]",MOUNTAIN and SNOW
ISS005-E-7953.JPG,"[0, 0, 0, 0, 0, 0, 0, 1, 0, 0]",MOUNTAIN
ISS004-E-13311.JPG,"[0, 0, 0, 0, 0, 0, 0, 1, 0, 1]",MOUNTAIN and SNOW
ISS006-E-26402.JPG,"[0, 0, 0, 0, 0, 1, 0, 0, 0, 0]",ISLAND
ISS004-E-10705.JPG,"[0, 0, 1, 0, 0, 1, 0, 0, 0, 0]",COAST and ISLAND
ISS014-E-12943.JPG,"[0, 0, 0, 1, 0, 0, 1, 0, 0, 0]",DESERT and LAKE
ISS005-E-13924.JPG,"[0, 0, 0, 0, 0, 1, 0, 0, 0, 0]",ISLAND
ISS002-378-30.JPG,"[0, 0, 0, 0, 0, 1, 0, 0, 0, 0]",ISLAND
ISS002-702-11_3.JPG,"[0, 0, 1, 1, 0, 0, 0, 0, 0, 0]",COAST and DESERT
ISS007-E-11754.JPG,"[0, 0, 0, 0, 0, 0, 0, 1, 0, 1]",MOUNTAIN and SNOW
ISS004-E-8253.JPG,"[0, 0, 0, 0, 0, 1, 0, 0, 0, 0]",ISLAND
ISS018-E-5662.JPG,"[0, 0, 0, 0, 0, 0, 0, 1, 0, 1]",MOUNTAIN and SNOW
ISS002-E-6804.JPG,"[0, 0, 0, 0, 0, 1, 0, 0, 0, 0]",ISLAND
ISS002-305-20.JPG,"[0, 0, 1, 1, 0, 0, 0, 0, 0, 0]",COAST and DESERT
ISS002-312-10.JPG,"[0, 0, 1, 0, 0, 1, 0, 0, 0, 0]",COAST and ISLAND
ISS009-E-6419.JPG,"[0, 0, 1, 1, 0, 0, 0, 0, 0, 0]",COAST and DESERT
ISS016-E-36287.JPG,"[0, 0, 1, 0, 0, 1, 0, 0, 0, 0]",COAST and ISLAND
ISS008-E-20789.JPG,"[0, 1, 0, 0, 0, 0, 0, 0, 1, 0]",CITY and RIVER
ISS016-E-10084.JPG,"[0, 0, 0, 1, 0, 0, 1, 0, 0, 0]",DESERT and LAKE
ISS012-E-5139.JPG,"[0, 0, 0, 1, 0, 0, 0, 0, 0, 0]",DESERT
ISS017-E-7886.JPG,"[0, 0, 0, 1, 0, 0, 0, 0, 0, 0]",DESERT
ISS007-E-8669.JPG,"[0, 0, 0, 1, 0, 0, 0, 0, 1, 0]",DESERT and RIVER
ISS017-E-18952.JPG,"[1, 0, 0, 0, 0, 0, 0, 0, 0, 0]",AGRICULTURE
ISS006-E-17083.JPG,"[0, 0, 1, 0, 0, 1, 0, 0, 0, 0]",COAST and ISLAND
ISS004-E-9867.JPG,"[1, 0, 0, 1, 0, 0, 0, 0, 0, 0]",AGRICULTURE and DESERT
ISS006-E-10302.JPG,"[0, 0, 0, 0, 0, 0, 1, 0, 0, 1]",LAKE and SNOW
ISS006-E-33055.JPG,"[0, 0, 0, 0, 0, 0, 1, 0, 0, 1]",LAKE and SNOW
ISS004-E-5570.JPG,"[0, 0, 1, 1, 0, 0, 0, 0, 0, 0]",COAST and DESERT
ISS005-E-11087.JPG,"[0, 0, 0, 0, 0, 0, 0, 0, 1, 0]",RIVER
ISS016-E-31225.JPG,"[1, 0, 0, 0, 0, 0, 0, 0, 0, 0]",AGRICULTURE
ISS006-E-6022.JPG,"[0, 0, 0, 1, 0, 0, 0, 0, 0, 0]",DESERT
ISS006-E-13828.JPG,"[1, 0, 0, 1, 0, 0, 0, 0, 0, 0]",AGRICULTURE and DESERT
ISS005-E-18571.JPG,"[0, 0, 0, 0, 0, 0, 0, 1, 0, 1]",MOUNTAIN and SNOW
ISS008-E-13126.JPG,"[0, 0, 0, 0, 0, 1, 0, 0, 0, 0]",ISLAND
ISS001-702-BL_3.JPG,"[0, 0, 0, 0, 0, 0, 0, 0, 0, 1]",SNOW
ISS007-E-12398.JPG,"[0, 0, 0, 0, 0, 0, 0, 0, 1, 0]",RIVER
ISS008-E-14053.JPG,"[0, 0, 0, 0, 0, 1, 0, 0, 0, 0]",ISLAND
ISS005-E-21865.JPG,"[0, 0, 0, 0, 0, 0, 0, 0, 1, 0]",RIVER
ISS004-E-5923.JPG,"[0, 0, 0, 0, 0, 1, 0, 0, 0, 0]",ISLAND
ISS002-E-9682.JPG,"[0, 0, 0, 0, 0, 1, 0, 0, 0, 0]",ISLAND
ISS006-E-47928.JPG,"[0, 0, 0, 1, 0, 0, 1, 0, 0, 0]",DESERT and LAKE
ISS002-E-6652.JPG,"[0, 0, 0, 0, 0, 1, 0, 0, 0, 0]",ISLAND
ISS007-E-15570.JPG,"[0, 0, 0, 0, 0, 0, 0, 1, 0, 1]",MOUNTAIN and SNOW
ISS008-E-13158.JPG,"[0, 0, 0, 0, 0, 1, 0, 0, 0, 0]",ISLAND
ISS005-E-10927.JPG,"[0, 1, 0, 0, 0, 0, 0, 0, 1, 0]",CITY and RIVER
ISS006-E-15696.JPG,"[0, 0, 0, 1, 0, 0, 0, 0, 0, 0]",DESERT
ISS015-E-13414.JPG,"[0, 0, 0, 1, 0, 0, 1, 0, 0, 0]",DESERT and LAKE
ISS001-701-64_3.JPG,"[0, 0, 0, 0, 0, 0, 0, 0, 0, 1]",SNOW
ISS008-E-7453.JPG,"[0, 0, 0, 0, 0, 0, 0, 1, 0, 1]",MOUNTAIN and SNOW
ISS006-E-17833.JPG,"[0, 0, 1, 0, 0, 1, 0, 0, 0, 0]",COAST and ISLAND
ISS015-E-7735.JPG,"[0, 0, 0, 0, 0, 0, 0, 1, 0, 1]",MOUNTAIN and SNOW
ISS006-E-20510.JPG,"[0, 0, 0, 0, 0, 1, 0, 0, 0, 0]",ISLAND
ISS002-E-7363.JPG,"[0, 0, 0, 0, 0, 1, 0, 0, 0, 0]",ISLAND
ISS007-E-12550.JPG,"[0, 0, 0, 0, 0, 0, 0, 0, 1, 0]",RIVER
ISS006-E-28727.JPG,"[0, 0, 0, 0, 0, 1, 0, 0, 0, 0]",ISLAND
ISS005-E-11221.JPG,"[0, 0, 0, 0, 0, 0, 0, 0, 1, 0]",RIVER
ISS006-E-7970.JPG,"[0, 0, 0, 0, 0, 1, 0, 0, 0, 0]",ISLAND
ISS004-E-7509.JPG,"[0, 0, 0, 0, 0, 0, 0, 1, 0, 1]",MOUNTAIN and SNOW
ISS002-725-18_3.JPG,"[0, 0, 0, 0, 0, 0, 0, 0, 1, 0]",RIVER
ISS004-E-13799.JPG,"[0, 0, 0, 0, 0, 1, 0, 0, 0, 0]",ISLAND
ISS002-732-27_3.JPG,"[0, 0, 0, 0, 0, 1, 0, 0, 0, 0]",ISLAND
ISS002-E-10013.JPG,"[0, 0, 0, 0, 0, 1, 0, 0, 0, 0]",ISLAND
ISS007-E-14868.JPG,"[0, 0, 1, 0, 0, 1, 0, 0, 0, 0]",COAST and ISLAND
ISS001-332-23.JPG,"[0, 0, 0, 0, 0, 0, 1, 0, 0, 1]",LAKE and SNOW
ISS002-304-22.JPG,"[0, 0, 0, 0, 0, 1, 0, 0, 0, 0]",ISLAND
ISS005-E-13562.JPG,"[0, 0, 0, 1, 0, 0, 1, 0, 0, 0]",DESERT and LAKE
ISS003-E-7534.JPG,"[1, 0, 0, 1, 0, 0, 0, 0, 0, 0]",AGRICULTURE and DESERT
ISS006-E-41890.JPG,"[0, 0, 0, 1, 0, 0, 0, 0, 1, 0]",DESERT and RIVER
ISS016-E-9342.JPG,"[0, 0, 0, 0, 0, 0, 0, 1, 0, 1]",MOUNTAIN and SNOW
ISS006-E-32287.JPG,"[0, 0, 0, 0, 0, 1, 0, 0, 0, 0]",ISLAND
ISS002-710-8_3.JPG,"[0, 0, 1, 0, 0, 1, 0, 0, 0, 0]",COAST and ISLAND
ISS004-E-10427.JPG,"[0, 0, 0, 0, 0, 0, 0, 0, 1, 0]",RIVER
ISS018-E-7099.JPG,"[0, 0, 0, 1, 0, 0, 0, 0, 0, 0]",DESERT
ISS009-E-19171.JPG,"[0, 0, 0, 1, 0, 0, 0, 0, 0, 0]",DESERT
ISS003-E-5374.JPG,"[0, 0, 0, 0, 0, 0, 0, 1, 0, 1]",MOUNTAIN and SNOW
ISS002-314-31.JPG,"[0, 0, 1, 0, 0, 1, 0, 0, 0, 0]",COAST and ISLAND
ISS016-E-34014.JPG,"[1, 0, 0, 1, 0, 0, 0, 0, 0, 0]",AGRICULTURE and DESERT
ISS002-324-28.JPG,"[0, 1, 0, 0, 0, 0, 0, 0, 1, 0]",CITY and RIVER
ISS006-E-7182.JPG,"[0, 0, 0, 0, 0, 0, 0, 1, 0, 1]",MOUNTAIN and SNOW
ISS002-728B-186.JPG,"[0, 0, 0, 0, 0, 0, 0, 1, 0, 0]",MOUNTAIN
ISS002-E-8108.JPG,"[0, 0, 0, 0, 0, 0, 0, 1, 0, 1]",MOUNTAIN and SNOW
ISS017-E-15882.JPG,"[0, 0, 0, 0, 0, 1, 0, 0, 0, 0]",ISLAND
ISS004-E-10210.JPG,"[0, 0, 0, 0, 0, 1, 0, 0, 0, 0]",ISLAND
ISS005-E-21117.JPG,"[1, 0, 0, 0, 0, 0, 0, 0, 0, 0]",AGRICULTURE
ISS018-E-42960.JPG,"[0, 0, 0, 1, 0, 0, 0, 0, 0, 0]",DESERT
ISS010-E-14309.JPG,"[0, 0, 0, 0, 0, 0, 0, 0, 1, 0]",RIVER
ISS016-E-9060.JPG,"[0, 0, 0, 0, 0, 0, 0, 1, 0, 1]",MOUNTAIN and SNOW
ISS012-E-19602.JPG,"[0, 0, 0, 0, 0, 0, 0, 1, 0, 1]",MOUNTAIN and SNOW
ISS010-E-24226.JPG,"[0, 0, 1, 1, 0, 0, 0, 0, 0, 0]",COAST and DESERT
ISS017-E-21665.JPG,"[0, 0, 0, 0, 0, 0, 0, 1, 0, 0]",MOUNTAIN
ISS002-318-33.JPG,"[0, 0, 0, 0, 0, 1, 0, 0, 0, 0]",ISLAND
ISS005-E-5498.JPG,"[0, 0, 0, 1, 0, 0, 0, 0, 1, 0]",DESERT and RIVER
ISS018-E-45612.JPG,"[0, 0, 0, 1, 0, 0, 1, 0, 0, 0]",DESERT and LAKE
ISS018-E-42947.JPG,"[0, 0, 0, 1, 0, 0, 0, 0, 0, 0]",DESERT
ISS002-728E-44_3.JPG,"[0, 0, 0, 1, 0, 0, 0, 0, 0, 0]",DESERT
ISS007-E-12549.JPG,"[0, 0, 0, 0, 0, 0, 0, 0, 1, 0]",RIVER
ISS002-731-1_3.JPG,"[0, 0, 0, 0, 0, 1, 0, 0, 0, 0]",ISLAND
ISS016-E-11824.JPG,"[0, 0, 0, 1, 0, 0, 0, 0, 0, 0]",DESERT
ISS006-E-7601.JPG,"[0, 0, 1, 0, 0, 1, 0, 0, 0, 0]",COAST and ISLAND
ISS015-E-8811.JPG,"[0, 0, 1, 1, 0, 0, 0, 0, 0, 0]",COAST and DESERT
ISS004-E-5536.JPG,"[0, 0, 1, 1, 0, 0, 0, 0, 0, 0]",COAST and DESERT
ISS007-E-11401.JPG,"[0, 0, 0, 0, 0, 0, 0, 0, 1, 0]",RIVER
ISS005-E-10858.JPG,"[0, 0, 0, 0, 0, 0, 0, 0, 1, 0]",RIVER
ISS006-E-46040.JPG,"[0, 1, 0, 0, 0, 0, 0, 0, 1, 0]",CITY and RIVER
ISS007-E-14018.JPG,"[0, 1, 0, 0, 0, 0, 0, 0, 0, 0]",CITY
ISS002-319-3.JPG,"[0, 0, 1, 1, 0, 0, 0, 0, 0, 0]",COAST and DESERT
ISS006-E-35558.JPG,"[0, 0, 0, 1, 0, 0, 1, 0, 0, 0]",DESERT and LAKE
ISS010-E-5643.JPG,"[0, 0, 0, 0, 0, 0, 1, 0, 0, 1]",LAKE and SNOW
ISS006-E-5941.JPG,"[0, 0, 0, 0, 0, 1, 0, 0, 0, 0]",ISLAND
ISS006-E-52285.JPG,"[0, 1, 0, 0, 0, 0, 0, 0, 1, 0]",CITY and RIVER
ISS002-704-91_3.JPG,"[0, 0, 0, 1, 0, 0, 0, 0, 0, 0]",DESERT
ISS002-721-53_3.JPG,"[0, 0, 0, 1, 0, 0, 0, 0, 0, 0]",DESERT
ISS019-E-21702.JPG,"[1, 0, 0, 1, 0, 0, 0, 0, 0, 0]",AGRICULTURE and DESERT
ISS006-E-35580.JPG,"[0, 0, 0, 0, 0, 0, 0, 1, 0, 1]",MOUNTAIN and SNOW
ISS008-E-7564.JPG,"[0, 0, 0, 1, 0, 0, 1, 0, 0, 0]",DESERT and LAKE
ISS004-E-11190.JPG,"[0, 0, 0, 0, 0, 1, 0, 0, 0, 0]",ISLAND
ISS002-E-10043.JPG,"[0, 0, 0, 0, 0, 1, 0, 0, 0, 0]",ISLAND
ISS006-E-5093.JPG,"[0, 0, 0, 0, 0, 0, 1, 0, 0, 0]",LAKE
ISS002-E-9945.JPG,"[0, 1, 0, 0, 0, 0, 0, 0, 1, 0]",CITY and RIVER
ISS018-E-5719.JPG,"[0, 0, 0, 1, 0, 0, 0, 0, 0, 0]",DESERT
ISS008-E-18290.JPG,"[0, 0, 0, 0, 0, 1, 0, 0, 0, 0]",ISLAND
ISS006-E-33765.JPG,"[0, 0, 0, 0, 0, 1, 0, 0, 0, 0]",ISLAND
ISS002-E-8729.JPG,"[0, 0, 0, 1, 0, 0, 1, 0, 0, 0]",DESERT and LAKE
ISS009-E-19781.JPG,"[0, 0, 0, 0, 0, 0, 0, 0, 1, 0]",RIVER
ISS002-E-6979.JPG,"[0, 0, 0, 1, 0, 0, 0, 0, 0, 0]",DESERT
ISS007-E-10949.JPG,"[0, 0, 0, 0, 0, 0, 0, 0, 1, 0]",RIVER
ISS011-E-10781.JPG,"[1, 0, 0, 0, 0, 0, 0, 0, 0, 0]",AGRICULTURE
ISS007-E-7682.JPG,"[0, 0, 0, 0, 0, 0, 0, 0, 1, 0]",RIVER
ISS002-703-25_3.JPG,"[0, 0, 1, 1, 0, 0, 0, 0, 0, 0]",COAST and DESERT
ISS017-E-21256.JPG,"[0, 0, 0, 1, 0, 0, 0, 0, 0, 0]",DESERT
ISS009-E-12670.JPG,"[1, 0, 0, 1, 0, 0, 0, 0, 0, 0]",AGRICULTURE and DESERT
ISS002-E-5632.JPG,"[0, 0, 0, 0, 0, 1, 0, 0, 0, 0]",ISLAND
ISS001-701-101_3.JPG,"[0, 0, 0, 0, 0, 0, 0, 1, 0, 1]",MOUNTAIN and SNOW
ISS007-E-9589.JPG,"[0, 0, 0, 0, 0, 0, 0, 1, 1, 0]",MOUNTAIN and RIVER
ISS006-E-15393.JPG,"[1, 0, 0, 0, 0, 0, 0, 0, 0, 0]",AGRICULTURE
ISS002-E-8807.JPG,"[0, 1, 0, 0, 0, 0, 0, 0, 1, 0]",CITY and RIVER
ISS020-E-9267.JPG,"[0, 0, 0, 1, 0, 0, 0, 0, 0, 0]",DESERT
ISS007-E-10951.JPG,"[0, 0, 0, 0, 0, 0, 0, 0, 1, 0]",RIVER
ISS004-E-5779.JPG,"[0, 0, 0, 0, 0, 1, 0, 0, 0, 0]",ISLAND
ISS005-E-5757.JPG,"[0, 0, 0, 1, 0, 0, 1, 0, 0, 0]",DESERT and LAKE
ISS006-E-10499.JPG,"[0, 0, 0, 0, 0, 0, 0, 1, 0, 1]",MOUNTAIN and SNOW
ISS004-E-9729.JPG,"[0, 0, 1, 0, 0, 1, 0, 0, 0, 0]",COAST and ISLAND
ISS006-E-44416.JPG,"[0, 0, 1, 1, 0, 0, 0, 0, 0, 0]",COAST and DESERT
ISS002-E-8907.JPG,"[0, 0, 0, 1, 0, 0, 0, 0, 0, 0]",DESERT
ISS007-E-12551.JPG,"[0, 0, 0, 0, 0, 0, 0, 0, 1, 0]",RIVER
ISS002-702-65_3.JPG,"[0, 0, 0, 1, 0, 0, 0, 0, 1, 0]",DESERT and RIVER
ISS002-728E-11_3.JPG,"[0, 0, 0, 0, 0, 1, 0, 0, 0, 0]",ISLAND
ISS018-E-40334.JPG,"[0, 0, 0, 0, 0, 0, 1, 0, 0, 1]",LAKE and SNOW
ISS006-E-47710.JPG,"[0, 0, 0, 1, 0, 0, 1, 0, 0, 0]",DESERT and LAKE
ISS013-E-26833.JPG,"[1, 0, 0, 1, 0, 0, 0, 0, 0, 0]",AGRICULTURE and DESERT
ISS002-704-4_3.JPG,"[0, 0, 0, 0, 0, 0, 0, 1, 0, 0]",MOUNTAIN
ISS006-E-50690.JPG,"[0, 0, 0, 0, 0, 0, 1, 0, 0, 1]",LAKE and SNOW
ISS006-E-17129.JPG,"[0, 0, 1, 0, 0, 1, 0, 0, 0, 0]",COAST and ISLAND
ISS002-728D-181_3.JPG,"[0, 0, 0, 1, 0, 0, 0, 0, 0, 0]",DESERT
ISS005-E-13965.JPG,"[0, 0, 1, 0, 0, 1, 0, 0, 0, 0]",COAST and ISLAND
ISS002-411-6.JPG,"[0, 0, 0, 0, 0, 0, 0, 0, 1, 0]",RIVER
ISS005-E-6628.JPG,"[0, 0, 1, 1, 0, 0, 0, 0, 0, 0]",COAST and DESERT
ISS006-E-35942.JPG,"[0, 0, 0, 0, 0, 0, 0, 1, 0, 1]",MOUNTAIN and SNOW
ISS004-E-13392.JPG,"[0, 1, 0, 0, 0, 0, 0, 0, 1, 0]",CITY and RIVER
ISS007-E-7679.JPG,"[0, 0, 0, 0, 0, 0, 0, 0, 1, 0]",RIVER
ISS001-702-AZ_3.JPG,"[0, 0, 0, 0, 0, 0, 0, 0, 0, 1]",SNOW
ISS004-E-13773.JPG,"[0, 0, 1, 1, 0, 0, 0, 0, 0, 0]",COAST and DESERT
ISS001-E-6212.JPG,"[0, 0, 1, 0, 0, 1, 0, 0, 0, 0]",COAST and ISLAND
ISS006-E-43199.JPG,"[0, 0, 0, 0, 0, 0, 0, 1, 0, 1]",MOUNTAIN and SNOW
ISS009-E-6422.JPG,"[0, 0, 1, 1, 0, 0, 0, 0, 0, 0]",COAST and DESERT
ISS006-E-41902.JPG,"[0, 0, 0, 1, 0, 0, 0, 0, 1, 0]",DESERT and RIVER
ISS007-E-5880.JPG,"[0, 0, 0, 0, 0, 0, 0, 1, 0, 1]",MOUNTAIN and SNOW
ISS011-E-10772.JPG,"[1, 0, 0, 0, 0, 0, 0, 0, 0, 0]",AGRICULTURE
ISS002-348-30.JPG,"[0, 0, 1, 0, 0, 1, 0, 0, 0, 0]",COAST and ISLAND
ISS006-E-10063.JPG,"[0, 0, 0, 1, 0, 0, 0, 0, 0, 0]",DESERT
ISS002-713-79_3.JPG,"[0, 0, 0, 0, 0, 0, 0, 1, 0, 1]",MOUNTAIN and SNOW
ISS002-380-9.JPG,"[0, 0, 0, 0, 0, 1, 0, 0, 0, 0]",ISLAND
ISS008-E-9608.JPG,"[0, 0, 0, 0, 0, 0, 0, 1, 0, 1]",MOUNTAIN and SNOW
ISS001-E-5752.JPG,"[0, 0, 0, 1, 0, 0, 1, 0, 0, 0]",DESERT and LAKE
ISS002-714-4_3.JPG,"[0, 0, 1, 1, 0, 0, 0, 0, 0, 0]",COAST and DESERT
ISS006-E-6061.JPG,"[0, 0, 0, 1, 0, 0, 0, 0, 0, 0]",DESERT
ISS015-E-29856.JPG,"[0, 0, 0, 1, 0, 0, 0, 0, 0, 0]",DESERT
ISS006-E-37951.JPG,"[0, 0, 1, 1, 0, 0, 0, 0, 0, 0]",COAST and DESERT
ISS008-E-17098.JPG,"[0, 0, 0, 0, 0, 1, 0, 0, 0, 0]",ISLAND
ISS002-710-19.JPG,"[0, 0, 0, 1, 0, 0, 1, 0, 0, 0]",DESERT and LAKE
ISS016-E-11816.JPG,"[0, 0, 0, 1, 0, 0, 0, 0, 0, 0]",DESERT
ISS005-E-16470.JPG,"[0, 0, 0, 1, 0, 0, 0, 0, 0, 0]",DESERT
ISS002-E-7554.JPG,"[0, 0, 0, 0, 0, 1, 0, 0, 0, 0]",ISLAND
ISS001-701-249_3.JPG,"[0, 0, 0, 0, 0, 0, 0, 1, 0, 1]",MOUNTAIN and SNOW
ISS013-E-74081.JPG,"[0, 0, 0, 1, 0, 0, 0, 0, 0, 0]",DESERT
ISS014-E-6930.JPG,"[0, 0, 0, 1, 0, 0, 0, 0, 0, 0]",DESERT
ISS018-E-8935.JPG,"[0, 0, 1, 0, 0, 1, 0, 0, 0, 0]",COAST and ISLAND
ISS004-E-11184.JPG,"[0, 0, 0, 0, 0, 1, 0, 0, 0, 0]",ISLAND
ISS006-E-17637.JPG,"[0, 0, 0, 0, 0, 1, 0, 0, 0, 0]",ISLAND
ISS004-E-9906.JPG,"[0, 0, 0, 0, 0, 0, 0, 1, 0, 0]",MOUNTAIN
ISS008-E-5246.JPG,"[0, 0, 1, 0, 0, 1, 0, 0, 0, 0]",COAST and ISLAND
ISS014-E-5380.JPG,"[0, 0, 0, 0, 0, 1, 0, 0, 0, 0]",ISLAND
ISS004-E-13207.JPG,"[0, 0, 1, 0, 0, 1, 0, 0, 0, 0]",COAST and ISLAND
ISS010-E-16872.JPG,"[0, 0, 0, 1, 0, 0, 1, 0, 0, 0]",DESERT and LAKE
ISS006-E-32020.JPG,"[0, 0, 0, 1, 0, 0, 0, 0, 1, 0]",DESERT and RIVER
ISS005-E-10732.JPG,"[0, 0, 0, 0, 0, 1, 0, 0, 0, 0]",ISLAND
ISS002-714-3_3.JPG,"[0, 0, 1, 1, 0, 0, 0, 0, 0, 0]",COAST and DESERT
ISS005-E-16638.JPG,"[0, 0, 0, 0, 0, 0, 0, 0, 1, 0]",RIVER
ISS016-E-8814.JPG,"[0, 0, 0, 1, 0, 0, 0, 0, 0, 0]",DESERT
ISS009-E-8551.JPG,"[0, 0, 0, 1, 0, 0, 0, 0, 0, 0]",DESERT
ISS010-E-20087.JPG,"[0, 0, 1, 1, 0, 0, 0, 0, 0, 0]",COAST and DESERT
ISS005-E-13941.JPG,"[0, 0, 0, 0, 0, 1, 0, 0, 0, 0]",ISLAND
ISS007-E-12538.JPG,"[0, 0, 0, 0, 0, 0, 0, 0, 1, 0]",RIVER
ISS006-E-31214.JPG,"[0, 0, 0, 1, 0, 0, 0, 0, 1, 0]",DESERT and RIVER
ISS002-E-9282.JPG,"[0, 0, 0, 0, 0, 1, 0, 0, 0, 0]",ISLAND
ISS004-E-12908.JPG,"[0, 0, 0, 1, 0, 0, 0, 0, 1, 0]",DESERT and RIVER
ISS003-E-6377.JPG,"[0, 0, 0, 0, 0, 1, 0, 0, 0, 0]",ISLAND
ISS001-701-236C_3.JPG,"[0, 0, 0, 0, 0, 0, 0, 1, 0, 1]",MOUNTAIN and SNOW
ISS001-E-6663.JPG,"[0, 0, 0, 0, 0, 0, 0, 0, 0, 1]",SNOW
ISS006-E-43626.JPG,"[0, 0, 0, 1, 0, 0, 0, 0, 1, 0]",DESERT and RIVER
ISS002-382-13.JPG,"[0, 0, 0, 1, 0, 0, 1, 0, 0, 0]",DESERT and LAKE
ISS008-E-15545.JPG,"[0, 0, 0, 0, 0, 0, 0, 1, 0, 1]",MOUNTAIN and SNOW
ISS006-E-54214.JPG,"[0, 1, 0, 0, 0, 0, 0, 0, 1, 0]",CITY and RIVER
ISS006-E-39842.JPG,"[0, 0, 0, 0, 0, 1, 0, 0, 0, 0]",ISLAND
ISS006-E-8551.JPG,"[0, 0, 0, 1, 0, 0, 0, 0, 0, 0]",DESERT
ISS013-E-44835.JPG,"[1, 0, 0, 1, 0, 0, 0, 0, 0, 0]",AGRICULTURE and DESERT
ISS002-720-76_3.JPG,"[0, 0, 0, 1, 0, 0, 0, 0, 0, 0]",DESERT
ISS007-E-7040.JPG,"[0, 0, 0, 0, 0, 0, 0, 1, 0, 1]",MOUNTAIN and SNOW
ISS001-702-161_3.JPG,"[0, 0, 1, 0, 0, 1, 0, 0, 0, 0]",COAST and ISLAND
ISS003-330-33.JPG,"[0, 0, 0, 0, 0, 1, 0, 0, 0, 0]",ISLAND
ISS009-E-8287.JPG,"[0, 0, 0, 1, 0, 0, 1, 0, 0, 0]",DESERT and LAKE
ISS018-E-10780.JPG,"[0, 0, 0, 1, 0, 0, 0, 0, 0, 0]",DESERT
ISS005-E-10856.JPG,"[0, 1, 0, 0, 0, 0, 0, 0, 1, 0]",CITY and RIVER
ISS002-728E-5_3.JPG,"[0, 0, 0, 0, 0, 1, 0, 0, 0, 0]",ISLAND
ISS004-E-6068.JPG,"[0, 0, 0, 0, 0, 0, 0, 0, 1, 0]",RIVER
ISS007-E-5766.JPG,"[0, 0, 0, 0, 0, 0, 0, 1, 0, 1]",MOUNTAIN and SNOW
ISS006-E-36702.JPG,"[0, 0, 0, 0, 0, 0, 0, 1, 0, 1]",MOUNTAIN and SNOW
ISS005-E-15315.JPG,"[1, 0, 0, 0, 0, 0, 0, 0, 0, 0]",AGRICULTURE
ISS007-E-13146.JPG,"[0, 0, 1, 0, 0, 1, 0, 0, 0, 0]",COAST and ISLAND
ISS009-E-19151.JPG,"[0, 0, 0, 1, 0, 0, 0, 0, 0, 0]",DESERT
ISS009-E-19174.JPG,"[0, 0, 0, 1, 0, 0, 0, 0, 0, 0]",DESERT
ISS009-E-28814.JPG,"[0, 0, 0, 1, 0, 0, 1, 0, 0, 0]",DESERT and LAKE
ISS020-E-8381.JPG,"[0, 0, 0, 1, 0, 0, 0, 0, 0, 0]",DESERT
ISS006-E-37904.JPG,"[0, 0, 0, 0, 0, 1, 0, 0, 0, 0]",ISLAND
ISS001-701-86_3.JPG,"[0, 0, 0, 0, 0, 0, 0, 1, 0, 1]",MOUNTAIN and SNOW
ISS001-335-11.JPG,"[0, 0, 1, 1, 0, 0, 0, 0, 0, 0]",COAST and DESERT
ISS002-327-23.JPG,"[0, 0, 1, 0, 0, 1, 0, 0, 0, 0]",COAST and ISLAND
ISS020-E-37546.JPG,"[0, 0, 1, 0, 0, 1, 0, 0, 0, 0]",COAST and ISLAND
ISS011-E-5882.JPG,"[0, 0, 0, 0, 0, 0, 0, 1, 0, 1]",MOUNTAIN and SNOW
ISS004-E-13786.JPG,"[0, 0, 0, 0, 0, 0, 0, 1, 0, 1]",MOUNTAIN and SNOW
ISS006-E-9225.JPG,"[0, 0, 0, 1, 0, 0, 0, 0, 0, 0]",DESERT
ISS004-E-12677.JPG,"[0, 0, 0, 0, 0, 0, 0, 1, 0, 1]",MOUNTAIN and SNOW
ISS006-E-53403.JPG,"[0, 0, 0, 0, 0, 0, 0, 1, 0, 1]",MOUNTAIN and SNOW
ISS013-E-36668.JPG,"[0, 1, 0, 0, 0, 0, 0, 0, 0, 0]",CITY
ISS017-E-21590.JPG,"[0, 0, 0, 1, 0, 0, 1, 0, 0, 0]",DESERT and LAKE
ISS014-E-6929.JPG,"[1, 0, 0, 1, 0, 0, 0, 0, 0, 0]",AGRICULTURE and DESERT
ISS006-E-5404.JPG,"[0, 0, 0, 0, 0, 0, 0, 1, 0, 1]",MOUNTAIN and SNOW
ISS004-E-7801.JPG,"[0, 0, 0, 0, 0, 0, 0, 1, 0, 1]",MOUNTAIN and SNOW
ISS002-E-7286.JPG,"[0, 1, 0, 0, 0, 0, 0, 0, 1, 0]",CITY and RIVER
ISS002-E-10045.JPG,"[0, 0, 0, 0, 0, 1, 0, 0, 0, 0]",ISLAND
ISS006-E-15068.JPG,"[1, 0, 0, 1, 0, 0, 0, 0, 0, 0]",AGRICULTURE and DESERT
ISS005-E-10686.JPG,"[0, 0, 0, 0, 0, 1, 0, 0, 0, 0]",ISLAND
ISS012-E-19669.JPG,"[0, 0, 0, 1, 0, 0, 0, 0, 0, 0]",DESERT
ISS008-E-8006.JPG,"[0, 0, 0, 0, 0, 0, 0, 1, 0, 1]",MOUNTAIN and SNOW
ISS017-E-20748.JPG,"[1, 0, 0, 1, 0, 0, 0, 0, 0, 0]",AGRICULTURE and DESERT
ISS017-E-5375.JPG,"[0, 1, 0, 0, 0, 0, 0, 0, 0, 0]",CITY
ISS004-E-5936.JPG,"[0, 0, 1, 1, 0, 0, 0, 0, 0, 0]",COAST and DESERT
ISS015-E-6299.JPG,"[0, 0, 0, 0, 0, 0, 0, 1, 0, 1]",MOUNTAIN and SNOW
ISS009-E-6200.JPG,"[0, 0, 0, 0, 0, 1, 0, 0, 0, 0]",ISLAND
ISS002-346-36.JPG,"[0, 0, 1, 1, 0, 0, 0, 0, 0, 0]",COAST and DESERT
ISS018-E-5664.JPG,"[0, 0, 0, 0, 0, 0, 0, 1, 0, 1]",MOUNTAIN and SNOW
ISS006-E-45405.JPG,"[0, 0, 0, 0, 0, 0, 1, 0, 0, 1]",LAKE and SNOW
ISS001-E-5641.JPG,"[0, 0, 0, 0, 0, 0, 0, 1, 0, 1]",MOUNTAIN and SNOW
ISS005-E-6394.JPG,"[0, 1, 0, 0, 0, 0, 0, 0, 1, 0]",CITY and RIVER
ISS002-728E-41_3.JPG,"[0, 0, 0, 1, 0, 0, 0, 0, 0, 0]",DESERT
ISS014-E-15168.JPG,"[0, 0, 0, 0, 0, 1, 0, 0, 0, 0]",ISLAND
ISS006-E-35581.JPG,"[0, 0, 0, 0, 0, 0, 0, 1, 0, 1]",MOUNTAIN and SNOW
ISS002-E-9195.JPG,"[0, 0, 0, 0, 0, 1, 0, 0, 0, 0]",ISLAND
ISS002-E-8029.JPG,"[0, 1, 0, 0, 0, 0, 0, 0, 1, 0]",CITY and RIVER
ISS001-337-31.JPG,"[0, 0, 0, 0, 0, 0, 0, 1, 0, 1]",MOUNTAIN and SNOW
ISS006-E-10056.JPG,"[0, 0, 0, 0, 0, 0, 0, 1, 0, 1]",MOUNTAIN and SNOW
ISS001-701-341_3.JPG,"[0, 0, 0, 0, 0, 0, 0, 0, 0, 1]",SNOW
ISS007-E-14790.JPG,"[0, 0, 0, 0, 0, 1, 0, 0, 0, 0]",ISLAND
ISS006-E-34484.JPG,"[0, 0, 0, 0, 0, 0, 0, 1, 0, 1]",MOUNTAIN and SNOW
ISS004-E-5917.JPG,"[0, 0, 0, 0, 0, 1, 0, 0, 0, 0]",ISLAND
ISS006-E-20503.JPG,"[0, 0, 1, 0, 0, 1, 0, 0, 0, 0]",COAST and ISLAND
ISS019-E-21700.JPG,"[1, 0, 0, 1, 0, 0, 0, 0, 0, 0]",AGRICULTURE and DESERT
ISS005-E-13718.JPG,"[0, 0, 0, 1, 0, 0, 1, 0, 0, 0]",DESERT and LAKE
ISS004-E-9628.JPG,"[0, 0, 0, 0, 0, 1, 0, 0, 0, 0]",ISLAND
ISS006-E-21718.JPG,"[0, 0, 0, 0, 0, 1, 0, 0, 0, 0]",ISLAND
ISS005-E-11145.JPG,"[0, 0, 0, 0, 0, 0, 0, 0, 1, 0]",RIVER
ISS005-E-10744.JPG,"[0, 0, 0, 0, 0, 1, 0, 0, 0, 0]",ISLAND
ISS003-330-32.JPG,"[0, 0, 0, 0, 0, 1, 0, 0, 0, 0]",ISLAND
ISS007-E-14783.JPG,"[0, 0, 0, 0, 0, 1, 0, 0, 0, 0]",ISLAND
ISS005-E-6874.JPG,"[0, 0, 0, 0, 0, 0, 0, 1, 0, 0]",MOUNTAIN
ISS018-E-5716.JPG,"[0, 0, 0, 1, 0, 0, 0, 0, 0, 0]",DESERT
ISS002-E-7877.JPG,"[0, 0, 0, 0, 0, 0, 0, 1, 0, 1]",MOUNTAIN and SNOW
ISS016-E-28683.JPG,"[0, 0, 0, 1, 0, 0, 0, 0, 0, 0]",DESERT
ISS001-E-6208.JPG,"[0, 0, 0, 0, 0, 0, 0, 1, 0, 1]",MOUNTAIN and SNOW
ISS016-E-31222.JPG,"[1, 0, 0, 0, 0, 0, 0, 0, 0, 0]",AGRICULTURE
ISS008-E-15053.JPG,"[0, 0, 0, 0, 0, 0, 1, 0, 0, 1]",LAKE and SNOW
ISS013-E-21509.JPG,"[0, 0, 0, 1, 0, 0, 1, 0, 0, 0]",DESERT and LAKE
ISS008-E-17235.JPG,"[0, 0, 0, 1, 0, 0, 0, 0, 1, 0]",DESERT and RIVER
ISS005-E-6640.JPG,"[0, 0, 1, 1, 0, 0, 0, 0, 0, 0]",COAST and DESERT
ISS007-E-12396.JPG,"[0, 0, 0, 0, 0, 0, 0, 0, 1, 0]",RIVER
ISS006-E-40117.JPG,"[0, 0, 0, 0, 0, 0, 0, 1, 0, 0]",MOUNTAIN
ISS006-E-25670.JPG,"[0, 0, 0, 1, 0, 0, 1, 0, 0, 0]",DESERT and LAKE
ISS016-E-5114.JPG,"[0, 0, 0, 0, 0, 0, 0, 1, 0, 1]",MOUNTAIN and SNOW
ISS006-E-45737.JPG,"[0, 0, 0, 0, 0, 0, 1, 0, 0, 1]",LAKE and SNOW
ISS001-702-185_3.JPG,"[0, 0, 0, 0, 0, 0, 0, 1, 0, 1]",MOUNTAIN and SNOW
ISS006-E-35748.JPG,"[0, 0, 0, 0, 0, 0, 0, 0, 1, 0]",RIVER
ISS005-E-14012.JPG,"[0, 0, 0, 0, 0, 1, 0, 0, 0, 0]",ISLAND
ISS001-E-5518.JPG,"[0, 0, 0, 0, 0, 0, 0, 1, 0, 1]",MOUNTAIN and SNOW
ISS017-E-21187.JPG,"[0, 0, 0, 1, 0, 0, 0, 0, 0, 0]",DESERT
ISS005-E-10369.JPG,"[0, 0, 0, 0, 0, 0, 0, 0, 1, 0]",RIVER
ISS016-E-27424.JPG,"[0, 0, 0, 1, 0, 0, 0, 0, 0, 0]",DESERT
ISS002-715-13_3.JPG,"[0, 0, 1, 1, 0, 0, 0, 0, 0, 0]",COAST and DESERT
ISS006-E-11431.JPG,"[1, 0, 0, 1, 0, 0, 0, 0, 0, 0]",AGRICULTURE and DESERT
ISS014-E-12810.JPG,"[0, 0, 0, 1, 0, 0, 1, 0, 0, 0]",DESERT and LAKE
ISS001-402-7.JPG,"[0, 0, 0, 0, 0, 0, 0, 0, 1, 0]",RIVER
ISS002-351-14.JPG,"[0, 0, 0, 0, 0, 1, 0, 0, 0, 0]",ISLAND
ISS004-E-10766.JPG,"[0, 0, 0, 0, 0, 1, 0, 0, 0, 0]",ISLAND
ISS004-E-7498.JPG,"[0, 0, 0, 0, 0, 0, 1, 0, 0, 1]",LAKE and SNOW
ISS002-714-5_3.JPG,"[0, 0, 1, 1, 0, 0, 0, 0, 0, 0]",COAST and DESERT
ISS008-E-14050.JPG,"[0, 0, 0, 0, 0, 1, 0, 0, 0, 0]",ISLAND
ISS019-E-18075.JPG,"[1, 0, 0, 1, 0, 0, 0, 0, 0, 0]",AGRICULTURE and DESERT
ISS004-E-5675.JPG,"[0, 0, 0, 0, 0, 0, 0, 1, 0, 1]",MOUNTAIN and SNOW
ISS001-355-20.JPG,"[0, 0, 0, 0, 0, 0, 0, 1, 0, 1]",MOUNTAIN and SNOW
ISS013-E-17403.JPG,"[1, 0, 0, 1, 0, 0, 0, 0, 0, 0]",AGRICULTURE and DESERT
ISS002-E-6172.JPG,"[0, 1, 0, 0, 0, 0, 0, 0, 1, 0]",CITY and RIVER
ISS012-E-7637.JPG,"[0, 0, 0, 1, 0, 0, 0, 0, 0, 0]",DESERT
ISS006-E-26082.JPG,"[0, 0, 0, 0, 0, 1, 0, 0, 0, 0]",ISLAND
ISS018-E-5551.JPG,"[0, 0, 0, 1, 0, 0, 1, 0, 0, 0]",DESERT and LAKE
ISS020-E-8382.JPG,"[0, 0, 0, 1, 0, 0, 1, 0, 0, 0]",DESERT and LAKE
ISS006-E-35841.JPG,"[0, 0, 0, 0, 0, 0, 1, 0, 0, 1]",LAKE and SNOW
ISS009-E-19168.JPG,"[0, 0, 0, 1, 0, 0, 0, 0, 0, 0]",DESERT
ISS001-375-33.JPG,"[0, 0, 0, 0, 0, 0, 0, 1, 0, 1]",MOUNTAIN and SNOW
ISS006-E-13811.JPG,"[0, 0, 0, 1, 0, 0, 1, 0, 0, 0]",DESERT and LAKE
ISS001-702-202_3.JPG,"[0, 0, 0, 0, 0, 0, 0, 1, 0, 1]",MOUNTAIN and SNOW
ISS007-E-6254.JPG,"[0, 0, 0, 0, 0, 0, 0, 0, 1, 0]",RIVER
ISS005-E-5490.JPG,"[0, 0, 0, 1, 0, 0, 1, 0, 0, 0]",DESERT and LAKE
ISS002-725-33_3.JPG,"[0, 0, 0, 1, 0, 0, 0, 0, 0, 0]",DESERT
ISS011-E-8528.JPG,"[0, 0, 0, 0, 0, 1, 0, 0, 0, 0]",ISLAND
ISS006-E-5551.JPG,"[0, 0, 0, 0, 0, 0, 0, 1, 0, 1]",MOUNTAIN and SNOW
ISS006-E-14475.JPG,"[0, 0, 0, 1, 0, 0, 0, 0, 0, 0]",DESERT
ISS001-701-60_3.JPG,"[0, 0, 0, 0, 0, 1, 0, 0, 0, 0]",ISLAND
ISS008-E-16603.JPG,"[0, 0, 0, 0, 0, 0, 0, 1, 0, 1]",MOUNTAIN and SNOW
ISS007-E-8227.JPG,"[0, 0, 0, 0, 0, 0, 0, 1, 0, 1]",MOUNTAIN and SNOW
ISS006-E-41524.JPG,"[0, 0, 0, 0, 0, 0, 0, 1, 0, 1]",MOUNTAIN and SNOW
ISS004-E-10330.JPG,"[1, 0, 0, 0, 0, 0, 0, 0, 0, 0]",AGRICULTURE
ISS003-E-7351.JPG,"[0, 0, 0, 0, 0, 0, 0, 1, 0, 1]",MOUNTAIN and SNOW
ISS005-E-10109.JPG,"[0, 0, 0, 0, 0, 1, 0, 0, 0, 0]",ISLAND
ISS006-E-26437.JPG,"[1, 0, 0, 1, 0, 0, 0, 0, 0, 0]",AGRICULTURE and DESERT
ISS002-710-25.JPG,"[0, 0, 0, 1, 0, 0, 1, 0, 0, 0]",DESERT and LAKE
ISS018-E-5725.JPG,"[0, 0, 0, 1, 0, 0, 0, 0, 0, 0]",DESERT
ISS001-702-P_3.JPG,"[0, 0, 0, 0, 0, 0, 0, 0, 0, 1]",SNOW
ISS010-E-10196.JPG,"[0, 0, 0, 0, 0, 0, 0, 0, 1, 0]",RIVER
ISS001-370-29.JPG,"[0, 0, 0, 0, 0, 0, 0, 1, 0, 1]",MOUNTAIN and SNOW
ISS005-E-10714.JPG,"[0, 1, 0, 0, 0, 0, 0, 0, 1, 0]",CITY and RIVER
ISS007-E-13983.JPG,"[0, 0, 0, 1, 0, 0, 1, 0, 0, 0]",DESERT and LAKE
ISS018-E-10777.JPG,"[0, 0, 0, 1, 0, 0, 0, 0, 0, 0]",DESERT
ISS002-408-24.JPG,"[0, 0, 0, 1, 0, 0, 0, 0, 1, 0]",DESERT and RIVER
ISS017-E-21257.JPG,"[0, 0, 0, 1, 0, 0, 0, 0, 0, 0]",DESERT
ISS013-E-35059.JPG,"[0, 0, 0, 0, 1, 0, 0, 0, 0, 0]",FOREST
ISS001-701-185_3.JPG,"[0, 0, 0, 0, 0, 0, 0, 1, 0, 1]",MOUNTAIN and SNOW
ISS002-E-5678_2.JPG,"[0, 0, 0, 0, 0, 1, 0, 0, 0, 0]",ISLAND
ISS001-701-171_3.JPG,"[0, 0, 0, 0, 0, 0, 0, 1, 0, 1]",MOUNTAIN and SNOW
ISS002-702-14_3.JPG,"[0, 0, 0, 0, 0, 0, 0, 1, 0, 0]",MOUNTAIN
ISS016-E-31220.JPG,"[1, 0, 0, 0, 0, 0, 0, 0, 0, 0]",AGRICULTURE
ISS006-E-14474.JPG,"[0, 0, 0, 1, 0, 0, 0, 0, 0, 0]",DESERT
ISS006-E-42481.JPG,"[0, 0, 0, 0, 0, 0, 1, 0, 0, 1]",LAKE and SNOW
ISS002-700-43_3.JPG,"[0, 0, 0, 0, 0, 0, 0, 0, 1, 0]",RIVER
ISS001-702-25_3.JPG,"[0, 0, 0, 0, 0, 1, 0, 0, 0, 0]",ISLAND
ISS008-E-15033.JPG,"[0, 0, 0, 0, 0, 1, 0, 0, 0, 0]",ISLAND
ISS010-E-5649.JPG,"[0, 0, 0, 0, 0, 0, 1, 0, 0, 1]",LAKE and SNOW
ISS016-E-8674.JPG,"[0, 1, 0, 0, 0, 0, 0, 0, 1, 0]",CITY and RIVER
ISS006-E-54085.JPG,"[0, 0, 0, 0, 0, 1, 0, 0, 0, 0]",ISLAND
ISS006-E-24665.JPG,"[0, 0, 0, 0, 0, 1, 0, 0, 0, 0]",ISLAND
ISS014-E-10440.JPG,"[0, 0, 0, 1, 0, 0, 1, 0, 0, 0]",DESERT and LAKE
ISS006-E-8543.JPG,"[0, 0, 0, 1, 0, 0, 0, 0, 0, 0]",DESERT
ISS009-E-13338.JPG,"[0, 0, 0, 1, 0, 0, 0, 0, 0, 0]",DESERT
ISS002-714-2_3.JPG,"[0, 0, 1, 1, 0, 0, 0, 0, 0, 0]",COAST and DESERT
ISS014-E-5405.JPG,"[0, 0, 0, 0, 0, 1, 0, 0, 0, 0]",ISLAND
ISS003-E-5911.JPG,"[0, 0, 0, 0, 0, 1, 0, 0, 0, 0]",ISLAND
ISS002-403-18.JPG,"[0, 0, 0, 0, 0, 1, 0, 0, 0, 0]",ISLAND
ISS017-E-20785.JPG,"[0, 0, 0, 0, 0, 0, 0, 1, 0, 1]",MOUNTAIN and SNOW
ISS008-E-18327.JPG,"[0, 0, 0, 0, 0, 1, 0, 0, 0, 0]",ISLAND
ISS005-E-13933.JPG,"[0, 0, 0, 0, 0, 1, 0, 0, 0, 0]",ISLAND
ISS002-E-5375.JPG,"[0, 0, 0, 0, 0, 1, 0, 0, 0, 0]",ISLAND
ISS003-E-7176.JPG,"[0, 0, 0, 0, 0, 1, 0, 0, 0, 0]",ISLAND
ISS017-E-21243.JPG,"[0, 0, 0, 1, 0, 0, 0, 0, 0, 0]",DESERT
ISS006-E-35050.JPG,"[0, 0, 0, 0, 0, 0, 0, 1, 0, 1]",MOUNTAIN and SNOW
ISS004-E-11675.JPG,"[0, 0, 0, 0, 0, 0, 1, 0, 0, 1]",LAKE and SNOW
ISS007-E-10705.JPG,"[0, 0, 0, 0, 0, 0, 0, 1, 0, 1]",MOUNTAIN and SNOW
ISS006-E-43303.JPG,"[0, 0, 0, 0, 0, 1, 0, 0, 0, 0]",ISLAND
ISS012-E-11650.JPG,"[0, 0, 0, 1, 0, 0, 1, 0, 0, 0]",DESERT and LAKE
ISS014-E-5079.JPG,"[0, 0, 0, 1, 0, 0, 0, 0, 0, 0]",DESERT
ISS006-E-39996.JPG,"[0, 0, 0, 0, 0, 0, 0, 1, 0, 0]",MOUNTAIN
ISS005-E-13567.JPG,"[0, 0, 0, 1, 0, 0, 1, 0, 0, 0]",DESERT and LAKE
ISS006-E-36719.JPG,"[0, 0, 0, 1, 0, 0, 1, 0, 0, 0]",DESERT and LAKE
ISS002-313-23.JPG,"[0, 0, 0, 1, 0, 0, 0, 0, 1, 0]",DESERT and RIVER
ISS004-E-11878.JPG,"[0, 0, 0, 0, 0, 0, 1, 0, 0, 0]",LAKE
ISS018-E-5721.JPG,"[0, 0, 0, 1, 0, 0, 0, 0, 0, 0]",DESERT
ISS006-E-34719.JPG,"[0, 0, 0, 0, 0, 0, 0, 0, 1, 0]",RIVER
ISS015-E-24475.JPG,"[0, 0, 0, 0, 0, 0, 0, 1, 0, 1]",MOUNTAIN and SNOW
ISS011-E-8868.JPG,"[0, 0, 0, 1, 0, 0, 1, 0, 0, 0]",DESERT and LAKE
ISS006-E-24241.JPG,"[0, 0, 0, 1, 0, 0, 0, 0, 0, 0]",DESERT
ISS004-E-12910.JPG,"[0, 0, 0, 1, 0, 0, 0, 0, 1, 0]",DESERT and RIVER
ISS020-E-9204.JPG,"[0, 0, 0, 0, 0, 1, 0, 0, 0, 0]",ISLAND
ISS013-E-26839.JPG,"[1, 0, 0, 1, 0, 0, 0, 0, 0, 0]",AGRICULTURE and DESERT
ISS006-E-37053.JPG,"[0, 0, 0, 0, 0, 1, 0, 0, 0, 0]",ISLAND
ISS012-E-8887.JPG,"[0, 0, 0, 0, 0, 0, 0, 1, 0, 1]",MOUNTAIN and SNOW
ISS020-E-9257.JPG,"[1, 0, 0, 1, 0, 0, 0, 0, 0, 0]",AGRICULTURE and DESERT
ISS015-E-7620.JPG,"[0, 0, 0, 0, 0, 0, 0, 1, 0, 0]",MOUNTAIN
ISS002-E-7465.JPG,"[0, 0, 0, 0, 0, 0, 0, 1, 1, 0]",MOUNTAIN and RIVER
ISS002-719-12_3.JPG,"[0, 0, 0, 1, 0, 0, 1, 0, 0, 0]",DESERT and LAKE
ISS004-E-12603.JPG,"[0, 0, 0, 0, 0, 0, 0, 1, 0, 1]",MOUNTAIN and SNOW
ISS005-E-12719.JPG,"[0, 0, 0, 1, 0, 0, 0, 0, 1, 0]",DESERT and RIVER
ISS019-E-21697.JPG,"[1, 0, 0, 1, 0, 0, 0, 0, 0, 0]",AGRICULTURE and DESERT
ISS002-E-8421.JPG,"[0, 0, 0, 1, 0, 0, 0, 0, 0, 0]",DESERT
ISS006-E-49456.JPG,"[0, 0, 0, 0, 0, 0, 0, 1, 0, 1]",MOUNTAIN and SNOW
ISS013-E-39654.JPG,"[0, 0, 0, 1, 0, 0, 1, 0, 0, 0]",DESERT and LAKE
ISS006-E-35203.JPG,"[0, 0, 1, 0, 0, 1, 0, 0, 0, 0]",COAST and ISLAND
ISS007-E-6640.JPG,"[0, 0, 0, 0, 0, 0, 0, 1, 0, 1]",MOUNTAIN and SNOW
ISS009-E-5923.JPG,"[0, 0, 1, 1, 0, 0, 0, 0, 0, 0]",COAST and DESERT
ISS012-E-5138.JPG,"[0, 0, 0, 1, 0, 0, 0, 0, 0, 0]",DESERT
ISS005-E-21851.JPG,"[0, 0, 0, 1, 0, 0, 0, 0, 0, 0]",DESERT
ISS006-E-43210.JPG,"[0, 0, 0, 0, 0, 0, 0, 1, 0, 1]",MOUNTAIN and SNOW
ISS012-E-7536.JPG,"[0, 0, 0, 1, 0, 0, 0, 0, 0, 0]",DESERT
ISS008-E-21852.JPG,"[0, 0, 0, 0, 0, 1, 0, 0, 0, 0]",ISLAND
ISS003-E-5213.JPG,"[0, 0, 0, 1, 0, 0, 1, 0, 0, 0]",DESERT and LAKE
ISS019-E-21695.JPG,"[1, 0, 0, 1, 0, 0, 0, 0, 0, 0]",AGRICULTURE and DESERT
ISS002-357-21.JPG,"[0, 0, 0, 0, 0, 1, 0, 0, 0, 0]",ISLAND
ISS001-701-9_3.JPG,"[0, 0, 1, 0, 0, 1, 0, 0, 0, 0]",COAST and ISLAND
ISS017-E-21118.JPG,"[0, 0, 0, 0, 0, 0, 1, 0, 0, 1]",LAKE and SNOW
ISS008-E-7936.JPG,"[0, 0, 0, 0, 0, 1, 0, 0, 0, 0]",ISLAND
ISS009-E-8553.JPG,"[0, 0, 0, 1, 0, 0, 0, 0, 0, 0]",DESERT
ISS004-E-11629.JPG,"[0, 0, 0, 0, 0, 0, 0, 1, 0, 1]",MOUNTAIN and SNOW
ISS006-E-41198.JPG,"[0, 0, 0, 0, 0, 0, 1, 0, 0, 1]",LAKE and SNOW
ISS006-E-45363.JPG,"[0, 0, 0, 1, 0, 0, 1, 0, 0, 0]",DESERT and LAKE
ISS018-E-5084.JPG,"[0, 0, 1, 0, 0, 1, 0, 0, 0, 0]",COAST and ISLAND
ISS001-701-295_3.JPG,"[0, 0, 0, 0, 0, 0, 0, 0, 0, 1]",SNOW
ISS020-E-53052.JPG,"[0, 0, 0, 0, 0, 1, 0, 0, 0, 0]",ISLAND
ISS008-E-14051.JPG,"[0, 0, 0, 0, 0, 1, 0, 0, 0, 0]",ISLAND
ISS002-E-6433.JPG,"[0, 0, 0, 0, 0, 1, 0, 0, 0, 0]",ISLAND
ISS003-E-5916.JPG,"[0, 0, 0, 0, 0, 1, 0, 0, 0, 0]",ISLAND
ISS001-E-6371.JPG,"[0, 0, 0, 0, 0, 0, 1, 0, 0, 1]",LAKE and SNOW
ISS002-701-17_3.JPG,"[0, 0, 0, 1, 0, 0, 0, 0, 0, 0]",DESERT
ISS002-408-6.JPG,"[0, 0, 0, 1, 0, 0, 0, 0, 1, 0]",DESERT and RIVER
ISS001-701-66_3.JPG,"[0, 0, 0, 0, 0, 0, 0, 0, 0, 1]",SNOW
ISS007-E-12192.JPG,"[0, 0, 0, 0, 0, 0, 0, 1, 0, 1]",MOUNTAIN and SNOW
ISS010-E-21979.JPG,"[1, 0, 0, 1, 0, 0, 0, 0, 0, 0]",AGRICULTURE and DESERT
ISS011-E-8871.JPG,"[0, 0, 0, 1, 0, 0, 1, 0, 0, 0]",DESERT and LAKE
ISS016-E-25121.JPG,"[0, 0, 0, 0, 0, 0, 1, 0, 0, 1]",LAKE and SNOW
ISS006-E-11444.JPG,"[0, 0, 0, 0, 0, 1, 0, 0, 0, 0]",ISLAND
ISS009-E-12672.JPG,"[1, 0, 0, 1, 0, 0, 0, 0, 0, 0]",AGRICULTURE and DESERT
ISS006-E-47932.JPG,"[0, 0, 0, 1, 0, 0, 1, 0, 0, 0]",DESERT and LAKE
ISS006-E-41880.JPG,"[0, 0, 0, 1, 0, 0, 0, 0, 1, 0]",DESERT and RIVER
ISS012-E-7537.JPG,"[0, 0, 0, 1, 0, 0, 0, 0, 0, 0]",DESERT
ISS007-E-15746.JPG,"[0, 0, 0, 0, 0, 0, 0, 1, 0, 1]",MOUNTAIN and SNOW
ISS012-E-8501.JPG,"[0, 1, 0, 0, 0, 0, 0, 0, 1, 0]",CITY and RIVER
ISS012-E-21908.JPG,"[0, 0, 0, 1, 0, 0, 1, 0, 0, 0]",DESERT and LAKE
ISS002-703-56_3.JPG,"[0, 0, 0, 0, 0, 0, 0, 0, 1, 0]",RIVER
ISS014-E-6935.JPG,"[0, 0, 0, 1, 0, 0, 0, 0, 0, 0]",DESERT
ISS004-E-6792.JPG,"[0, 0, 0, 0, 0, 1, 0, 0, 0, 0]",ISLAND
ISS020-E-6849.JPG,"[0, 0, 1, 0, 0, 1, 0, 0, 0, 0]",COAST and ISLAND
ISS006-E-42351.JPG,"[0, 0, 0, 0, 0, 0, 0, 1, 0, 1]",MOUNTAIN and SNOW
ISS017-E-18950.JPG,"[1, 0, 0, 0, 0, 0, 0, 0, 0, 0]",AGRICULTURE
ISS006-E-17638.JPG,"[0, 0, 0, 0, 0, 1, 0, 0, 0, 0]",ISLAND
ISS002-404-2.JPG,"[0, 0, 0, 0, 0, 0, 0, 0, 1, 0]",RIVER
ISS004-E-10194.JPG,"[0, 1, 0, 0, 0, 0, 0, 0, 1, 0]",CITY and RIVER
ISS005-E-9854.JPG,"[0, 0, 1, 0, 0, 1, 0, 0, 0, 0]",COAST and ISLAND
ISS004-E-10690.JPG,"[0, 0, 1, 0, 0, 1, 0, 0, 0, 0]",COAST and ISLAND
ISS010-E-7183.JPG,"[0, 0, 1, 1, 0, 0, 0, 0, 0, 0]",COAST and DESERT
ISS002-E-9211.JPG,"[0, 0, 0, 0, 0, 1, 0, 0, 0, 0]",ISLAND
ISS004-E-8152.JPG,"[0, 0, 1, 0, 0, 1, 0, 0, 0, 0]",COAST and ISLAND
ISS003-E-5745.JPG,"[0, 0, 0, 0, 0, 1, 0, 0, 0, 0]",ISLAND
ISS001-702-71K_3.JPG,"[0, 0, 0, 0, 0, 0, 0, 0, 0, 1]",SNOW
ISS006-E-17087.JPG,"[0, 0, 1, 0, 0, 1, 0, 0, 0, 0]",COAST and ISLAND
ISS006-E-6727.JPG,"[1, 0, 0, 1, 0, 0, 0, 0, 0, 0]",AGRICULTURE and DESERT
ISS004-E-13404.JPG,"[0, 0, 0, 0, 0, 0, 0, 1, 0, 1]",MOUNTAIN and SNOW
ISS015-E-6400.JPG,"[0, 0, 0, 1, 0, 0, 0, 0, 0, 0]",DESERT
ISS006-E-49914.JPG,"[0, 0, 0, 0, 0, 0, 0, 1, 0, 1]",MOUNTAIN and SNOW
ISS018-E-7121.JPG,"[0, 0, 0, 1, 0, 0, 0, 0, 0, 0]",DESERT
ISS007-E-10704.JPG,"[0, 0, 0, 0, 0, 0, 0, 1, 0, 1]",MOUNTAIN and SNOW
ISS006-E-18637.JPG,"[1, 0, 0, 1, 0, 0, 0, 0, 0, 0]",AGRICULTURE and DESERT
ISS006-E-41873.JPG,"[0, 0, 0, 1, 0, 0, 0, 0, 1, 0]",DESERT and RIVER
ISS004-E-8295.JPG,"[0, 0, 0, 0, 0, 1, 0, 0, 0, 0]",ISLAND
ISS006-E-35182.JPG,"[0, 0, 0, 0, 0, 0, 0, 0, 1, 0]",RIVER
ISS001-362-13.JPG,"[0, 0, 0, 0, 0, 1, 0, 0, 0, 0]",ISLAND
ISS004-E-11933.JPG,"[0, 0, 0, 0, 0, 0, 0, 1, 0, 1]",MOUNTAIN and SNOW
ISS003-330-30.JPG,"[0, 0, 0, 0, 0, 1, 0, 0, 0, 0]",ISLAND
ISS004-E-12088.JPG,"[0, 0, 0, 0, 0, 0, 0, 1, 0, 1]",MOUNTAIN and SNOW
ISS006-E-37926.JPG,"[0, 0, 0, 0, 0, 1, 0, 0, 0, 0]",ISLAND
ISS006-E-53325.JPG,"[0, 0, 0, 0, 0, 0, 0, 0, 1, 0]",RIVER
ISS002-E-8466.JPG,"[0, 0, 0, 1, 0, 0, 1, 0, 0, 0]",DESERT and LAKE
ISS015-E-29853.JPG,"[0, 0, 0, 1, 0, 0, 0, 0, 0, 0]",DESERT
ISS007-E-8648.JPG,"[0, 1, 0, 0, 0, 0, 0, 0, 1, 0]",CITY and RIVER
ISS020-E-9249.JPG,"[0, 0, 0, 1, 0, 0, 0, 0, 0, 0]",DESERT
ISS012-E-11647.JPG,"[0, 0, 0, 1, 0, 0, 1, 0, 0, 0]",DESERT and LAKE
ISS016-E-5498.JPG,"[0, 0, 0, 0, 0, 1, 0, 0, 0, 0]",ISLAND
ISS008-E-13341.JPG,"[0, 0, 0, 1, 0, 0, 0, 0, 0, 0]",DESERT
ISS009-E-13328.JPG,"[0, 0, 0, 1, 0, 0, 0, 0, 0, 0]",DESERT
ISS002-376-18.JPG,"[0, 0, 1, 0, 0, 1, 0, 0, 0, 0]",COAST and ISLAND
ISS004-E-8536.JPG,"[0, 0, 0, 0, 0, 0, 0, 1, 0, 1]",MOUNTAIN and SNOW
ISS002-E-8399.JPG,"[0, 0, 0, 0, 0, 0, 0, 1, 0, 1]",MOUNTAIN and SNOW
ISS006-E-24095.JPG,"[0, 0, 1, 1, 0, 0, 0, 0, 0, 0]",COAST and DESERT
ISS008-E-14406.JPG,"[0, 0, 0, 0, 0, 1, 0, 0, 0, 0]",ISLAND
ISS001-E-5946.JPG,"[0, 0, 0, 0, 0, 0, 0, 1, 0, 1]",MOUNTAIN and SNOW
ISS006-E-39811.JPG,"[0, 0, 0, 0, 0, 1, 0, 0, 0, 0]",ISLAND
ISS002-404-24.JPG,"[0, 0, 0, 0, 0, 1, 0, 0, 0, 0]",ISLAND
ISS004-E-7884.JPG,"[0, 0, 0, 0, 0, 1, 0, 0, 0, 0]",ISLAND
ISS006-E-7364.JPG,"[0, 0, 1, 0, 0, 1, 0, 0, 0, 0]",COAST and ISLAND
ISS004-E-8430.JPG,"[0, 0, 1, 0, 0, 1, 0, 0, 0, 0]",COAST and ISLAND
ISS018-E-7120.JPG,"[0, 0, 0, 1, 0, 0, 0, 0, 0, 0]",DESERT
ISS016-E-8398.JPG,"[0, 0, 0, 1, 0, 0, 0, 0, 0, 0]",DESERT
ISS005-E-5234.JPG,"[0, 0, 1, 1, 0, 0, 0, 0, 0, 0]",COAST and DESERT
ISS020-E-9256.JPG,"[0, 0, 0, 1, 0, 0, 0, 0, 0, 0]",DESERT
ISS015-E-8477.JPG,"[0, 1, 0, 0, 0, 0, 0, 0, 1, 0]",CITY and RIVER
ISS005-E-10326.JPG,"[0, 0, 0, 0, 0, 1, 0, 0, 0, 0]",ISLAND
ISS012-E-5130.JPG,"[0, 0, 0, 1, 0, 0, 0, 0, 0, 0]",DESERT
